Workbook

Sheet Instruções
B1: Microfones sem fio — como usar esta planilha
B2: Plano de frequências com alertas, teste de RF por sistema e controle de pilhas, para usar na montagem do evento.
B4: Legenda: onde preencher
B5: Amarelo-claro | C5: Células de entrada. É aqui que você digita.
B6: Cinza | C6: Células calculadas ou fixas (rótulos, contas, avisos). Não altere.
B7: Cinza em itálico | C7: Linha de exemplo (marcada com “Ex.”) e dicas de preenchimento. Não entram nas contas.
B8: Listas suspensas | C8: Transmissor, faixa, tipo de pilha e as respostas Sim ou Não aceitam só as opções da lista.
B9: Frequências | C9: Digite a frequência em MHz, como aparece no visor do receptor: 538,425. Não escreva a unidade.
B10: Comentários | C10: Células com triângulo vermelho no canto trazem uma dica. Passe o mouse sobre elas.
B12: Ordem de preenchimento
B13: 1 | C13: Aba Plano de frequências: preencha o cabeçalho e os canais de TV digital ativos na sua cidade (canal físico).
B14: 2 | C14: No local: com os transmissores desligados, faça a varredura (scan) em cada receptor e escolha o grupo e os canais.
B15: 3 | C15: Aba Plano de frequências: liste cada sistema, quem usa, o grupo, o canal e a frequência do visor.
B16: 4 | C16: Veja a situação de cada linha. Troque as frequências com alerta e digite as novas, até o aviso ficar em OK.
B17: 5 | C17: Aba Pilhas e baterias: anote a autonomia e o tempo de uso de cada transmissor. Troque o que a planilha mandar trocar.
B18: 6 | C18: Aba Teste de RF: com tudo montado, faça os cinco testes de cada sistema e responda Sim ou Não.
B19: 7 | C19: Aba Checklist: confira os doze itens antes de abrir as portas.
B21: Abas da planilha
B22: Plano de frequências | C22: Até 16 sistemas, com alerta de frequência repetida, próxima demais, em canal de TV ativo, na faixa a evitar ou com intermodulação.
B23: Teste de RF | C23: Os cinco testes de cada sistema do plano, com a situação e o que fazer em cada caso.
B24: Pilhas e baterias | C24: Carga restante e folga de cada transmissor para as horas do evento, com a quantidade de pilhas a separar.
B25: Referência | C25: Faixas, valores de partida da coordenação, antenas, pilhas e tabela de sintomas.
B26: Checklist | C26: Os doze itens do treinamento, com percentual atendido.
B27: Exemplo - Plano | C27: Seis sistemas com as frequências escolhidas à mão, antes da correção (exemplo 1 do treinamento).
B29: Regras e premissas do modelo
B30: Valores de partida | C30: Distância mínima de 0,35 MHz entre frequências e margem de 0,1 MHz para intermodulação são ponto de partida para sistemas analógicos. Confira o manual do seu sistema e troque os valores no alto da aba.
B31: Canal de TV | C31: A conta supõe canais de 6 MHz, do 14 (470 MHz) ao 51 (698 MHz), como na TV digital brasileira. Informe o canal físico, que não é o número mostrado na TV.
B32: Faixa a evitar | C32: Vem preenchida com a faixa da telefonia móvel no Brasil (698 a 806 MHz). As regras mudam: confira a regulamentação vigente no seu local.
B33: Intermodulação | C33: A planilha calcula os produtos de terceira ordem de dois transmissores (2 × A − B) e conta os que caem perto de cada frequência. Produtos de três transmissores ficam de fora.
B34: Limite da conferência | C34: O plano sem alerta é um bom começo, e não uma garantia. Os grupos do fabricante, o programa de coordenação e o teste com todos os transmissores ligados continuam valendo.
B35: Sistemas de 2,4 GHz | C35: Não têm frequência fixa: deixe a frequência em branco e escolha a faixa 2,4 GHz. A situação aparece como Automática.
B36: Pilhas | C36: Situação OK quando a carga restante cobre as horas do evento vezes o fator de margem. O fator de 1,5 é regra prática deste material.
B37: Exemplo | C37: Os dados da aba de exemplo são ilustrativos, criados para este material.

Sheet Plano de frequências
B1: Plano de frequências — microfones sem fio
B2: Preencha as células em amarelo-claro. As células cinza conferem repetição, proximidade, TV e intermodulação.
R3: Lista de faixas
B4: Evento | G4: Distância mínima entre frequências (MHz) | L4: 0.35 | M4: Ponto de partida para sistemas analógicos. O manual do seu sistema dá o valor certo. | R4: VHF
B5: Local | G5: Margem de intermodulação (MHz) | L5: 0.1 | M5: Distância mínima entre uma frequência e um produto do tipo 2 × A − B. | R5: UHF
B6: Data | G6: Faixa a evitar: de (MHz) | L6: 698 | M6: Faixa da telefonia móvel no Brasil. Confira a regulamentação vigente no seu local. | R6: 2,4 GHz
B7: Responsável | G7: Faixa a evitar: até (MHz) | L7: 806 | M7: Deixe as duas células em branco se não quiser esta conferência. | R7: Outra
B9: Canais de TV digital ativos na cidade | M9: Canal físico (de RF), de 14 a 51: não é o número que aparece na TV. Até oito canais.
B11: Plano de frequências
B12: # | C12: Sistema (receptor) | D12: Usuário ou função | E12: Transmissor | F12: Faixa | G12: Grupo | H12: Canal | I12: Frequência | J12: Canal de TV | K12: Menor distância | L12: Do sistema | M12: Produtos perto | N12: Situação | O12: O que fazer | P12: Observação | R12: Cálculo auxiliar (não altere): distância entre os sistemas, em MHz | AI12: Cálculo auxiliar (não altere): produtos 2 × A − B, em kHz (A na linha, B na coluna)
B13: nº | C13: modelo ou etiqueta | D13: quem usa | E13: tipo | G13: do visor | H13: do visor | I13: MHz | J13: 6 MHz cada | K13: MHz | L13: nº | M13: intermod. | R13: 1 | S13: 2 | T13: 3 | U13: 4 | V13: 5 | W13: 6 | X13: 7 | Y13: 8 | Z13: 9 | AA13: 10 | AB13: 11 | AC13: 12 | AD13: 13 | AE13: 14 | AF13: 15 | AG13: 16 | AI13: 1 | AJ13: 2 | AK13: 3 | AL13: 4 | AM13: 5 | AN13: 6 | AO13: 7 | AP13: 8 | AQ13: 9 | AR13: 10 | AS13: 11 | AT13: 12 | AU13: 13 | AV13: 14 | AW13: 15 | AX13: 16
B14: Ex. | C14: Receptor 1 (UHF) | D14: Pastor | E14: Headset | F14: UHF | G14: 3 | H14: 7 | I14: 538.425 | J14: 25 | K14: 0.75 | L14: 2 | M14: 0 | N14: OK | O14: Manter
B15: 1 | J15: =IF(I15="","",IF(AND(I15>=470,I15<698),INT((I15-470)/6)+14,"–")) | K15: =IF(OR(I15="",COUNT($R15:$AG15)=0),"",MIN($R15:$AG15)) | L15: =IF(K15="","",MATCH(K15,$R15:$AG15,0)) | M15: =IF(I15="","",COUNTIFS($AI$15:$AX$30,">"&ROUND((I15-$L$5)*1000,0),$AI$15:$AX$30,"<"&ROUND((I15+$L$5)*1000,0))-COUNTIFS($AI15:$AX15,">"&ROUND((I15-$L$5)*1000,0),$AI15:$AX15,"<"&ROUND((I15+$L$5)*1000,0))-COUNTIFS(AI$15:AI$30,">"&ROUND((I15-$L$5)*1000,0),AI$15:AI$30,"<"&ROUND((I15+$L$5)*1000,0))) | N15: =IF(I15="",IF(AND(C15<>"",F15="2,4 GHz"),"Automática",""),IF(AND(K15<>"",K15<0.0005),"Repetida",IF(AND(K15<>"",$L$4<>"",K15<$L$4),"Próxima",IF(AND($L$6<>"",$L$7<>"",I15>=$L$6,I15<=$L$7),"Telefonia",IF(AND(I15>=470,I15<698,COUNTIF($E$9:$L$9,INT((I15-470)/6)+14)>0),"TV",IF(M15>0,"Intermod.","OK")))))) | O15: =IF(N15="","",IF(N15="Automática","Sem frequência fixa: o sistema escolhe o canal. Afaste o receptor do roteador Wi-Fi",IF(N15="Repetida","Mesma frequência do sistema nº "&L15&": troque o canal de um dos dois",IF(N15="Próxima","Perto demais do sistema nº "&L15&": afaste as duas frequências",IF(N15="Telefonia","Dentro da faixa a evitar: troque de frequência ou de equipamento",IF(N15="TV","Dentro do canal de TV "&J15&", ativo na cidade: use um canal de TV livre",IF(N15="Intermod.","Há "&M15&" produto(s) de intermodulação perto: troque esta frequência ou use o grupo do fabricante","Manter"))))))) | S15: =IF(OR($I15="",$I16=""),"",ROUND(ABS($I15-$I16),4)) | T15: =IF(OR($I15="",$I17=""),"",ROUND(ABS($I15-$I17),4)) | U15: =IF(OR($I15="",$I18=""),"",ROUND(ABS($I15-$I18),4)) | V15: =IF(OR($I15="",$I19=""),"",ROUND(ABS($I15-$I19),4)) | W15: =IF(OR($I15="",$I20=""),"",ROUND(ABS($I15-$I20),4)) | X15: =IF(OR($I15="",$I21=""),"",ROUND(ABS($I15-$I21),4)) | Y15: =IF(OR($I15="",$I22=""),"",ROUND(ABS($I15-$I22),4)) | Z15: =IF(OR($I15="",$I23=""),"",ROUND(ABS($I15-$I23),4)) | AA15: =IF(OR($I15="",$I24=""),"",ROUND(ABS($I15-$I24),4)) | AB15: =IF(OR($I15="",$I25=""),"",ROUND(ABS($I15-$I25),4)) | AC15: =IF(OR($I15="",$I26=""),"",ROUND(ABS($I15-$I26),4)) | AD15: =IF(OR($I15="",$I27=""),"",ROUND(ABS($I15-$I27),4)) | AE15: =IF(OR($I15="",$I28=""),"",ROUND(ABS($I15-$I28),4)) | AF15: =IF(OR($I15="",$I29=""),"",ROUND(ABS($I15-$I29),4)) | AG15: =IF(OR($I15="",$I30=""),"",ROUND(ABS($I15-$I30),4)) | AJ15: =IF(OR($I15="",$I16=""),"",ROUND((2*$I15-$I16)*1000,0)) | AK15: =IF(OR($I15="",$I17=""),"",ROUND((2*$I15-$I17)*1000,0)) | AL15: =IF(OR($I15="",$I18=""),"",ROUND((2*$I15-$I18)*1000,0)) | AM15: =IF(OR($I15="",$I19=""),"",ROUND((2*$I15-$I19)*1000,0)) | AN15: =IF(OR($I15="",$I20=""),"",ROUND((2*$I15-$I20)*1000,0)) | AO15: =IF(OR($I15="",$I21=""),"",ROUND((2*$I15-$I21)*1000,0)) | AP15: =IF(OR($I15="",$I22=""),"",ROUND((2*$I15-$I22)*1000,0)) | AQ15: =IF(OR($I15="",$I23=""),"",ROUND((2*$I15-$I23)*1000,0)) | AR15: =IF(OR($I15="",$I24=""),"",ROUND((2*$I15-$I24)*1000,0)) | AS15: =IF(OR($I15="",$I25=""),"",ROUND((2*$I15-$I25)*1000,0)) | AT15: =IF(OR($I15="",$I26=""),"",ROUND((2*$I15-$I26)*1000,0)) | AU15: =IF(OR($I15="",$I27=""),"",ROUND((2*$I15-$I27)*1000,0)) | AV15: =IF(OR($I15="",$I28=""),"",ROUND((2*$I15-$I28)*1000,0)) | AW15: =IF(OR($I15="",$I29=""),"",ROUND((2*$I15-$I29)*1000,0)) | AX15: =IF(OR($I15="",$I30=""),"",ROUND((2*$I15-$I30)*1000,0))
B16: 2 | J16: =IF(I16="","",IF(AND(I16>=470,I16<698),INT((I16-470)/6)+14,"–")) | K16: =IF(OR(I16="",COUNT($R16:$AG16)=0),"",MIN($R16:$AG16)) | L16: =IF(K16="","",MATCH(K16,$R16:$AG16,0)) | M16: =IF(I16="","",COUNTIFS($AI$15:$AX$30,">"&ROUND((I16-$L$5)*1000,0),$AI$15:$AX$30,"<"&ROUND((I16+$L$5)*1000,0))-COUNTIFS($AI16:$AX16,">"&ROUND((I16-$L$5)*1000,0),$AI16:$AX16,"<"&ROUND((I16+$L$5)*1000,0))-COUNTIFS(AJ$15:AJ$30,">"&ROUND((I16-$L$5)*1000,0),AJ$15:AJ$30,"<"&ROUND((I16+$L$5)*1000,0))) | N16: =IF(I16="",IF(AND(C16<>"",F16="2,4 GHz"),"Automática",""),IF(AND(K16<>"",K16<0.0005),"Repetida",IF(AND(K16<>"",$L$4<>"",K16<$L$4),"Próxima",IF(AND($L$6<>"",$L$7<>"",I16>=$L$6,I16<=$L$7),"Telefonia",IF(AND(I16>=470,I16<698,COUNTIF($E$9:$L$9,INT((I16-470)/6)+14)>0),"TV",IF(M16>0,"Intermod.","OK")))))) | O16: =IF(N16="","",IF(N16="Automática","Sem frequência fixa: o sistema escolhe o canal. Afaste o receptor do roteador Wi-Fi",IF(N16="Repetida","Mesma frequência do sistema nº "&L16&": troque o canal de um dos dois",IF(N16="Próxima","Perto demais do sistema nº "&L16&": afaste as duas frequências",IF(N16="Telefonia","Dentro da faixa a evitar: troque de frequência ou de equipamento",IF(N16="TV","Dentro do canal de TV "&J16&", ativo na cidade: use um canal de TV livre",IF(N16="Intermod.","Há "&M16&" produto(s) de intermodulação perto: troque esta frequência ou use o grupo do fabricante","Manter"))))))) | R16: =IF(OR($I16="",$I15=""),"",ROUND(ABS($I16-$I15),4)) | T16: =IF(OR($I16="",$I17=""),"",ROUND(ABS($I16-$I17),4)) | U16: =IF(OR($I16="",$I18=""),"",ROUND(ABS($I16-$I18),4)) | V16: =IF(OR($I16="",$I19=""),"",ROUND(ABS($I16-$I19),4)) | W16: =IF(OR($I16="",$I20=""),"",ROUND(ABS($I16-$I20),4)) | X16: =IF(OR($I16="",$I21=""),"",ROUND(ABS($I16-$I21),4)) | Y16: =IF(OR($I16="",$I22=""),"",ROUND(ABS($I16-$I22),4)) | Z16: =IF(OR($I16="",$I23=""),"",ROUND(ABS($I16-$I23),4)) | AA16: =IF(OR($I16="",$I24=""),"",ROUND(ABS($I16-$I24),4)) | AB16: =IF(OR($I16="",$I25=""),"",ROUND(ABS($I16-$I25),4)) | AC16: =IF(OR($I16="",$I26=""),"",ROUND(ABS($I16-$I26),4)) | AD16: =IF(OR($I16="",$I27=""),"",ROUND(ABS($I16-$I27),4)) | AE16: =IF(OR($I16="",$I28=""),"",ROUND(ABS($I16-$I28),4)) | AF16: =IF(OR($I16="",$I29=""),"",ROUND(ABS($I16-$I29),4)) | AG16: =IF(OR($I16="",$I30=""),"",ROUND(ABS($I16-$I30),4)) | AI16: =IF(OR($I16="",$I15=""),"",ROUND((2*$I16-$I15)*1000,0)) | AK16: =IF(OR($I16="",$I17=""),"",ROUND((2*$I16-$I17)*1000,0)) | AL16: =IF(OR($I16="",$I18=""),"",ROUND((2*$I16-$I18)*1000,0)) | AM16: =IF(OR($I16="",$I19=""),"",ROUND((2*$I16-$I19)*1000,0)) | AN16: =IF(OR($I16="",$I20=""),"",ROUND((2*$I16-$I20)*1000,0)) | AO16: =IF(OR($I16="",$I21=""),"",ROUND((2*$I16-$I21)*1000,0)) | AP16: =IF(OR($I16="",$I22=""),"",ROUND((2*$I16-$I22)*1000,0)) | AQ16: =IF(OR($I16="",$I23=""),"",ROUND((2*$I16-$I23)*1000,0)) | AR16: =IF(OR($I16="",$I24=""),"",ROUND((2*$I16-$I24)*1000,0)) | AS16: =IF(OR($I16="",$I25=""),"",ROUND((2*$I16-$I25)*1000,0)) | AT16: =IF(OR($I16="",$I26=""),"",ROUND((2*$I16-$I26)*1000,0)) | AU16: =IF(OR($I16="",$I27=""),"",ROUND((2*$I16-$I27)*1000,0)) | AV16: =IF(OR($I16="",$I28=""),"",ROUND((2*$I16-$I28)*1000,0)) | AW16: =IF(OR($I16="",$I29=""),"",ROUND((2*$I16-$I29)*1000,0)) | AX16: =IF(OR($I16="",$I30=""),"",ROUND((2*$I16-$I30)*1000,0))
B17: 3 | J17: =IF(I17="","",IF(AND(I17>=470,I17<698),INT((I17-470)/6)+14,"–")) | K17: =IF(OR(I17="",COUNT($R17:$AG17)=0),"",MIN($R17:$AG17)) | L17: =IF(K17="","",MATCH(K17,$R17:$AG17,0)) | M17: =IF(I17="","",COUNTIFS($AI$15:$AX$30,">"&ROUND((I17-$L$5)*1000,0),$AI$15:$AX$30,"<"&ROUND((I17+$L$5)*1000,0))-COUNTIFS($AI17:$AX17,">"&ROUND((I17-$L$5)*1000,0),$AI17:$AX17,"<"&ROUND((I17+$L$5)*1000,0))-COUNTIFS(AK$15:AK$30,">"&ROUND((I17-$L$5)*1000,0),AK$15:AK$30,"<"&ROUND((I17+$L$5)*1000,0))) | N17: =IF(I17="",IF(AND(C17<>"",F17="2,4 GHz"),"Automática",""),IF(AND(K17<>"",K17<0.0005),"Repetida",IF(AND(K17<>"",$L$4<>"",K17<$L$4),"Próxima",IF(AND($L$6<>"",$L$7<>"",I17>=$L$6,I17<=$L$7),"Telefonia",IF(AND(I17>=470,I17<698,COUNTIF($E$9:$L$9,INT((I17-470)/6)+14)>0),"TV",IF(M17>0,"Intermod.","OK")))))) | O17: =IF(N17="","",IF(N17="Automática","Sem frequência fixa: o sistema escolhe o canal. Afaste o receptor do roteador Wi-Fi",IF(N17="Repetida","Mesma frequência do sistema nº "&L17&": troque o canal de um dos dois",IF(N17="Próxima","Perto demais do sistema nº "&L17&": afaste as duas frequências",IF(N17="Telefonia","Dentro da faixa a evitar: troque de frequência ou de equipamento",IF(N17="TV","Dentro do canal de TV "&J17&", ativo na cidade: use um canal de TV livre",IF(N17="Intermod.","Há "&M17&" produto(s) de intermodulação perto: troque esta frequência ou use o grupo do fabricante","Manter"))))))) | R17: =IF(OR($I17="",$I15=""),"",ROUND(ABS($I17-$I15),4)) | S17: =IF(OR($I17="",$I16=""),"",ROUND(ABS($I17-$I16),4)) | U17: =IF(OR($I17="",$I18=""),"",ROUND(ABS($I17-$I18),4)) | V17: =IF(OR($I17="",$I19=""),"",ROUND(ABS($I17-$I19),4)) | W17: =IF(OR($I17="",$I20=""),"",ROUND(ABS($I17-$I20),4)) | X17: =IF(OR($I17="",$I21=""),"",ROUND(ABS($I17-$I21),4)) | Y17: =IF(OR($I17="",$I22=""),"",ROUND(ABS($I17-$I22),4)) | Z17: =IF(OR($I17="",$I23=""),"",ROUND(ABS($I17-$I23),4)) | AA17: =IF(OR($I17="",$I24=""),"",ROUND(ABS($I17-$I24),4)) | AB17: =IF(OR($I17="",$I25=""),"",ROUND(ABS($I17-$I25),4)) | AC17: =IF(OR($I17="",$I26=""),"",ROUND(ABS($I17-$I26),4)) | AD17: =IF(OR($I17="",$I27=""),"",ROUND(ABS($I17-$I27),4)) | AE17: =IF(OR($I17="",$I28=""),"",ROUND(ABS($I17-$I28),4)) | AF17: =IF(OR($I17="",$I29=""),"",ROUND(ABS($I17-$I29),4)) | AG17: =IF(OR($I17="",$I30=""),"",ROUND(ABS($I17-$I30),4)) | AI17: =IF(OR($I17="",$I15=""),"",ROUND((2*$I17-$I15)*1000,0)) | AJ17: =IF(OR($I17="",$I16=""),"",ROUND((2*$I17-$I16)*1000,0)) | AL17: =IF(OR($I17="",$I18=""),"",ROUND((2*$I17-$I18)*1000,0)) | AM17: =IF(OR($I17="",$I19=""),"",ROUND((2*$I17-$I19)*1000,0)) | AN17: =IF(OR($I17="",$I20=""),"",ROUND((2*$I17-$I20)*1000,0)) | AO17: =IF(OR($I17="",$I21=""),"",ROUND((2*$I17-$I21)*1000,0)) | AP17: =IF(OR($I17="",$I22=""),"",ROUND((2*$I17-$I22)*1000,0)) | AQ17: =IF(OR($I17="",$I23=""),"",ROUND((2*$I17-$I23)*1000,0)) | AR17: =IF(OR($I17="",$I24=""),"",ROUND((2*$I17-$I24)*1000,0)) | AS17: =IF(OR($I17="",$I25=""),"",ROUND((2*$I17-$I25)*1000,0)) | AT17: =IF(OR($I17="",$I26=""),"",ROUND((2*$I17-$I26)*1000,0)) | AU17: =IF(OR($I17="",$I27=""),"",ROUND((2*$I17-$I27)*1000,0)) | AV17: =IF(OR($I17="",$I28=""),"",ROUND((2*$I17-$I28)*1000,0)) | AW17: =IF(OR($I17="",$I29=""),"",ROUND((2*$I17-$I29)*1000,0)) | AX17: =IF(OR($I17="",$I30=""),"",ROUND((2*$I17-$I30)*1000,0))
B18: 4 | J18: =IF(I18="","",IF(AND(I18>=470,I18<698),INT((I18-470)/6)+14,"–")) | K18: =IF(OR(I18="",COUNT($R18:$AG18)=0),"",MIN($R18:$AG18)) | L18: =IF(K18="","",MATCH(K18,$R18:$AG18,0)) | M18: =IF(I18="","",COUNTIFS($AI$15:$AX$30,">"&ROUND((I18-$L$5)*1000,0),$AI$15:$AX$30,"<"&ROUND((I18+$L$5)*1000,0))-COUNTIFS($AI18:$AX18,">"&ROUND((I18-$L$5)*1000,0),$AI18:$AX18,"<"&ROUND((I18+$L$5)*1000,0))-COUNTIFS(AL$15:AL$30,">"&ROUND((I18-$L$5)*1000,0),AL$15:AL$30,"<"&ROUND((I18+$L$5)*1000,0))) | N18: =IF(I18="",IF(AND(C18<>"",F18="2,4 GHz"),"Automática",""),IF(AND(K18<>"",K18<0.0005),"Repetida",IF(AND(K18<>"",$L$4<>"",K18<$L$4),"Próxima",IF(AND($L$6<>"",$L$7<>"",I18>=$L$6,I18<=$L$7),"Telefonia",IF(AND(I18>=470,I18<698,COUNTIF($E$9:$L$9,INT((I18-470)/6)+14)>0),"TV",IF(M18>0,"Intermod.","OK")))))) | O18: =IF(N18="","",IF(N18="Automática","Sem frequência fixa: o sistema escolhe o canal. Afaste o receptor do roteador Wi-Fi",IF(N18="Repetida","Mesma frequência do sistema nº "&L18&": troque o canal de um dos dois",IF(N18="Próxima","Perto demais do sistema nº "&L18&": afaste as duas frequências",IF(N18="Telefonia","Dentro da faixa a evitar: troque de frequência ou de equipamento",IF(N18="TV","Dentro do canal de TV "&J18&", ativo na cidade: use um canal de TV livre",IF(N18="Intermod.","Há "&M18&" produto(s) de intermodulação perto: troque esta frequência ou use o grupo do fabricante","Manter"))))))) | R18: =IF(OR($I18="",$I15=""),"",ROUND(ABS($I18-$I15),4)) | S18: =IF(OR($I18="",$I16=""),"",ROUND(ABS($I18-$I16),4)) | T18: =IF(OR($I18="",$I17=""),"",ROUND(ABS($I18-$I17),4)) | V18: =IF(OR($I18="",$I19=""),"",ROUND(ABS($I18-$I19),4)) | W18: =IF(OR($I18="",$I20=""),"",ROUND(ABS($I18-$I20),4)) | X18: =IF(OR($I18="",$I21=""),"",ROUND(ABS($I18-$I21),4)) | Y18: =IF(OR($I18="",$I22=""),"",ROUND(ABS($I18-$I22),4)) | Z18: =IF(OR($I18="",$I23=""),"",ROUND(ABS($I18-$I23),4)) | AA18: =IF(OR($I18="",$I24=""),"",ROUND(ABS($I18-$I24),4)) | AB18: =IF(OR($I18="",$I25=""),"",ROUND(ABS($I18-$I25),4)) | AC18: =IF(OR($I18="",$I26=""),"",ROUND(ABS($I18-$I26),4)) | AD18: =IF(OR($I18="",$I27=""),"",ROUND(ABS($I18-$I27),4)) | AE18: =IF(OR($I18="",$I28=""),"",ROUND(ABS($I18-$I28),4)) | AF18: =IF(OR($I18="",$I29=""),"",ROUND(ABS($I18-$I29),4)) | AG18: =IF(OR($I18="",$I30=""),"",ROUND(ABS($I18-$I30),4)) | AI18: =IF(OR($I18="",$I15=""),"",ROUND((2*$I18-$I15)*1000,0)) | AJ18: =IF(OR($I18="",$I16=""),"",ROUND((2*$I18-$I16)*1000,0)) | AK18: =IF(OR($I18="",$I17=""),"",ROUND((2*$I18-$I17)*1000,0)) | AM18: =IF(OR($I18="",$I19=""),"",ROUND((2*$I18-$I19)*1000,0)) | AN18: =IF(OR($I18="",$I20=""),"",ROUND((2*$I18-$I20)*1000,0)) | AO18: =IF(OR($I18="",$I21=""),"",ROUND((2*$I18-$I21)*1000,0)) | AP18: =IF(OR($I18="",$I22=""),"",ROUND((2*$I18-$I22)*1000,0)) | AQ18: =IF(OR($I18="",$I23=""),"",ROUND((2*$I18-$I23)*1000,0)) | AR18: =IF(OR($I18="",$I24=""),"",ROUND((2*$I18-$I24)*1000,0)) | AS18: =IF(OR($I18="",$I25=""),"",ROUND((2*$I18-$I25)*1000,0)) | AT18: =IF(OR($I18="",$I26=""),"",ROUND((2*$I18-$I26)*1000,0)) | AU18: =IF(OR($I18="",$I27=""),"",ROUND((2*$I18-$I27)*1000,0)) | AV18: =IF(OR($I18="",$I28=""),"",ROUND((2*$I18-$I28)*1000,0)) | AW18: =IF(OR($I18="",$I29=""),"",ROUND((2*$I18-$I29)*1000,0)) | AX18: =IF(OR($I18="",$I30=""),"",ROUND((2*$I18-$I30)*1000,0))
B19: 5 | J19: =IF(I19="","",IF(AND(I19>=470,I19<698),INT((I19-470)/6)+14,"–")) | K19: =IF(OR(I19="",COUNT($R19:$AG19)=0),"",MIN($R19:$AG19)) | L19: =IF(K19="","",MATCH(K19,$R19:$AG19,0)) | M19: =IF(I19="","",COUNTIFS($AI$15:$AX$30,">"&ROUND((I19-$L$5)*1000,0),$AI$15:$AX$30,"<"&ROUND((I19+$L$5)*1000,0))-COUNTIFS($AI19:$AX19,">"&ROUND((I19-$L$5)*1000,0),$AI19:$AX19,"<"&ROUND((I19+$L$5)*1000,0))-COUNTIFS(AM$15:AM$30,">"&ROUND((I19-$L$5)*1000,0),AM$15:AM$30,"<"&ROUND((I19+$L$5)*1000,0))) | N19: =IF(I19="",IF(AND(C19<>"",F19="2,4 GHz"),"Automática",""),IF(AND(K19<>"",K19<0.0005),"Repetida",IF(AND(K19<>"",$L$4<>"",K19<$L$4),"Próxima",IF(AND($L$6<>"",$L$7<>"",I19>=$L$6,I19<=$L$7),"Telefonia",IF(AND(I19>=470,I19<698,COUNTIF($E$9:$L$9,INT((I19-470)/6)+14)>0),"TV",IF(M19>0,"Intermod.","OK")))))) | O19: =IF(N19="","",IF(N19="Automática","Sem frequência fixa: o sistema escolhe o canal. Afaste o receptor do roteador Wi-Fi",IF(N19="Repetida","Mesma frequência do sistema nº "&L19&": troque o canal de um dos dois",IF(N19="Próxima","Perto demais do sistema nº "&L19&": afaste as duas frequências",IF(N19="Telefonia","Dentro da faixa a evitar: troque de frequência ou de equipamento",IF(N19="TV","Dentro do canal de TV "&J19&", ativo na cidade: use um canal de TV livre",IF(N19="Intermod.","Há "&M19&" produto(s) de intermodulação perto: troque esta frequência ou use o grupo do fabricante","Manter"))))))) | R19: =IF(OR($I19="",$I15=""),"",ROUND(ABS($I19-$I15),4)) | S19: =IF(OR($I19="",$I16=""),"",ROUND(ABS($I19-$I16),4)) | T19: =IF(OR($I19="",$I17=""),"",ROUND(ABS($I19-$I17),4)) | U19: =IF(OR($I19="",$I18=""),"",ROUND(ABS($I19-$I18),4)) | W19: =IF(OR($I19="",$I20=""),"",ROUND(ABS($I19-$I20),4)) | X19: =IF(OR($I19="",$I21=""),"",ROUND(ABS($I19-$I21),4)) | Y19: =IF(OR($I19="",$I22=""),"",ROUND(ABS($I19-$I22),4)) | Z19: =IF(OR($I19="",$I23=""),"",ROUND(ABS($I19-$I23),4)) | AA19: =IF(OR($I19="",$I24=""),"",ROUND(ABS($I19-$I24),4)) | AB19: =IF(OR($I19="",$I25=""),"",ROUND(ABS($I19-$I25),4)) | AC19: =IF(OR($I19="",$I26=""),"",ROUND(ABS($I19-$I26),4)) | AD19: =IF(OR($I19="",$I27=""),"",ROUND(ABS($I19-$I27),4)) | AE19: =IF(OR($I19="",$I28=""),"",ROUND(ABS($I19-$I28),4)) | AF19: =IF(OR($I19="",$I29=""),"",ROUND(ABS($I19-$I29),4)) | AG19: =IF(OR($I19="",$I30=""),"",ROUND(ABS($I19-$I30),4)) | AI19: =IF(OR($I19="",$I15=""),"",ROUND((2*$I19-$I15)*1000,0)) | AJ19: =IF(OR($I19="",$I16=""),"",ROUND((2*$I19-$I16)*1000,0)) | AK19: =IF(OR($I19="",$I17=""),"",ROUND((2*$I19-$I17)*1000,0)) | AL19: =IF(OR($I19="",$I18=""),"",ROUND((2*$I19-$I18)*1000,0)) | AN19: =IF(OR($I19="",$I20=""),"",ROUND((2*$I19-$I20)*1000,0)) | AO19: =IF(OR($I19="",$I21=""),"",ROUND((2*$I19-$I21)*1000,0)) | AP19: =IF(OR($I19="",$I22=""),"",ROUND((2*$I19-$I22)*1000,0)) | AQ19: =IF(OR($I19="",$I23=""),"",ROUND((2*$I19-$I23)*1000,0)) | AR19: =IF(OR($I19="",$I24=""),"",ROUND((2*$I19-$I24)*1000,0)) | AS19: =IF(OR($I19="",$I25=""),"",ROUND((2*$I19-$I25)*1000,0)) | AT19: =IF(OR($I19="",$I26=""),"",ROUND((2*$I19-$I26)*1000,0)) | AU19: =IF(OR($I19="",$I27=""),"",ROUND((2*$I19-$I27)*1000,0)) | AV19: =IF(OR($I19="",$I28=""),"",ROUND((2*$I19-$I28)*1000,0)) | AW19: =IF(OR($I19="",$I29=""),"",ROUND((2*$I19-$I29)*1000,0)) | AX19: =IF(OR($I19="",$I30=""),"",ROUND((2*$I19-$I30)*1000,0))
B20: 6 | J20: =IF(I20="","",IF(AND(I20>=470,I20<698),INT((I20-470)/6)+14,"–")) | K20: =IF(OR(I20="",COUNT($R20:$AG20)=0),"",MIN($R20:$AG20)) | L20: =IF(K20="","",MATCH(K20,$R20:$AG20,0)) | M20: =IF(I20="","",COUNTIFS($AI$15:$AX$30,">"&ROUND((I20-$L$5)*1000,0),$AI$15:$AX$30,"<"&ROUND((I20+$L$5)*1000,0))-COUNTIFS($AI20:$AX20,">"&ROUND((I20-$L$5)*1000,0),$AI20:$AX20,"<"&ROUND((I20+$L$5)*1000,0))-COUNTIFS(AN$15:AN$30,">"&ROUND((I20-$L$5)*1000,0),AN$15:AN$30,"<"&ROUND((I20+$L$5)*1000,0))) | N20: =IF(I20="",IF(AND(C20<>"",F20="2,4 GHz"),"Automática",""),IF(AND(K20<>"",K20<0.0005),"Repetida",IF(AND(K20<>"",$L$4<>"",K20<$L$4),"Próxima",IF(AND($L$6<>"",$L$7<>"",I20>=$L$6,I20<=$L$7),"Telefonia",IF(AND(I20>=470,I20<698,COUNTIF($E$9:$L$9,INT((I20-470)/6)+14)>0),"TV",IF(M20>0,"Intermod.","OK")))))) | O20: =IF(N20="","",IF(N20="Automática","Sem frequência fixa: o sistema escolhe o canal. Afaste o receptor do roteador Wi-Fi",IF(N20="Repetida","Mesma frequência do sistema nº "&L20&": troque o canal de um dos dois",IF(N20="Próxima","Perto demais do sistema nº "&L20&": afaste as duas frequências",IF(N20="Telefonia","Dentro da faixa a evitar: troque de frequência ou de equipamento",IF(N20="TV","Dentro do canal de TV "&J20&", ativo na cidade: use um canal de TV livre",IF(N20="Intermod.","Há "&M20&" produto(s) de intermodulação perto: troque esta frequência ou use o grupo do fabricante","Manter"))))))) | R20: =IF(OR($I20="",$I15=""),"",ROUND(ABS($I20-$I15),4)) | S20: =IF(OR($I20="",$I16=""),"",ROUND(ABS($I20-$I16),4)) | T20: =IF(OR($I20="",$I17=""),"",ROUND(ABS($I20-$I17),4)) | U20: =IF(OR($I20="",$I18=""),"",ROUND(ABS($I20-$I18),4)) | V20: =IF(OR($I20="",$I19=""),"",ROUND(ABS($I20-$I19),4)) | X20: =IF(OR($I20="",$I21=""),"",ROUND(ABS($I20-$I21),4)) | Y20: =IF(OR($I20="",$I22=""),"",ROUND(ABS($I20-$I22),4)) | Z20: =IF(OR($I20="",$I23=""),"",ROUND(ABS($I20-$I23),4)) | AA20: =IF(OR($I20="",$I24=""),"",ROUND(ABS($I20-$I24),4)) | AB20: =IF(OR($I20="",$I25=""),"",ROUND(ABS($I20-$I25),4)) | AC20: =IF(OR($I20="",$I26=""),"",ROUND(ABS($I20-$I26),4)) | AD20: =IF(OR($I20="",$I27=""),"",ROUND(ABS($I20-$I27),4)) | AE20: =IF(OR($I20="",$I28=""),"",ROUND(ABS($I20-$I28),4)) | AF20: =IF(OR($I20="",$I29=""),"",ROUND(ABS($I20-$I29),4)) | AG20: =IF(OR($I20="",$I30=""),"",ROUND(ABS($I20-$I30),4)) | AI20: =IF(OR($I20="",$I15=""),"",ROUND((2*$I20-$I15)*1000,0)) | AJ20: =IF(OR($I20="",$I16=""),"",ROUND((2*$I20-$I16)*1000,0)) | AK20: =IF(OR($I20="",$I17=""),"",ROUND((2*$I20-$I17)*1000,0)) | AL20: =IF(OR($I20="",$I18=""),"",ROUND((2*$I20-$I18)*1000,0)) | AM20: =IF(OR($I20="",$I19=""),"",ROUND((2*$I20-$I19)*1000,0)) | AO20: =IF(OR($I20="",$I21=""),"",ROUND((2*$I20-$I21)*1000,0)) | AP20: =IF(OR($I20="",$I22=""),"",ROUND((2*$I20-$I22)*1000,0)) | AQ20: =IF(OR($I20="",$I23=""),"",ROUND((2*$I20-$I23)*1000,0)) | AR20: =IF(OR($I20="",$I24=""),"",ROUND((2*$I20-$I24)*1000,0)) | AS20: =IF(OR($I20="",$I25=""),"",ROUND((2*$I20-$I25)*1000,0)) | AT20: =IF(OR($I20="",$I26=""),"",ROUND((2*$I20-$I26)*1000,0)) | AU20: =IF(OR($I20="",$I27=""),"",ROUND((2*$I20-$I27)*1000,0)) | AV20: =IF(OR($I20="",$I28=""),"",ROUND((2*$I20-$I28)*1000,0)) | AW20: =IF(OR($I20="",$I29=""),"",ROUND((2*$I20-$I29)*1000,0)) | AX20: =IF(OR($I20="",$I30=""),"",ROUND((2*$I20-$I30)*1000,0))
B21: 7 | J21: =IF(I21="","",IF(AND(I21>=470,I21<698),INT((I21-470)/6)+14,"–")) | K21: =IF(OR(I21="",COUNT($R21:$AG21)=0),"",MIN($R21:$AG21)) | L21: =IF(K21="","",MATCH(K21,$R21:$AG21,0)) | M21: =IF(I21="","",COUNTIFS($AI$15:$AX$30,">"&ROUND((I21-$L$5)*1000,0),$AI$15:$AX$30,"<"&ROUND((I21+$L$5)*1000,0))-COUNTIFS($AI21:$AX21,">"&ROUND((I21-$L$5)*1000,0),$AI21:$AX21,"<"&ROUND((I21+$L$5)*1000,0))-COUNTIFS(AO$15:AO$30,">"&ROUND((I21-$L$5)*1000,0),AO$15:AO$30,"<"&ROUND((I21+$L$5)*1000,0))) | N21: =IF(I21="",IF(AND(C21<>"",F21="2,4 GHz"),"Automática",""),IF(AND(K21<>"",K21<0.0005),"Repetida",IF(AND(K21<>"",$L$4<>"",K21<$L$4),"Próxima",IF(AND($L$6<>"",$L$7<>"",I21>=$L$6,I21<=$L$7),"Telefonia",IF(AND(I21>=470,I21<698,COUNTIF($E$9:$L$9,INT((I21-470)/6)+14)>0),"TV",IF(M21>0,"Intermod.","OK")))))) | O21: =IF(N21="","",IF(N21="Automática","Sem frequência fixa: o sistema escolhe o canal. Afaste o receptor do roteador Wi-Fi",IF(N21="Repetida","Mesma frequência do sistema nº "&L21&": troque o canal de um dos dois",IF(N21="Próxima","Perto demais do sistema nº "&L21&": afaste as duas frequências",IF(N21="Telefonia","Dentro da faixa a evitar: troque de frequência ou de equipamento",IF(N21="TV","Dentro do canal de TV "&J21&", ativo na cidade: use um canal de TV livre",IF(N21="Intermod.","Há "&M21&" produto(s) de intermodulação perto: troque esta frequência ou use o grupo do fabricante","Manter"))))))) | R21: =IF(OR($I21="",$I15=""),"",ROUND(ABS($I21-$I15),4)) | S21: =IF(OR($I21="",$I16=""),"",ROUND(ABS($I21-$I16),4)) | T21: =IF(OR($I21="",$I17=""),"",ROUND(ABS($I21-$I17),4)) | U21: =IF(OR($I21="",$I18=""),"",ROUND(ABS($I21-$I18),4)) | V21: =IF(OR($I21="",$I19=""),"",ROUND(ABS($I21-$I19),4)) | W21: =IF(OR($I21="",$I20=""),"",ROUND(ABS($I21-$I20),4)) | Y21: =IF(OR($I21="",$I22=""),"",ROUND(ABS($I21-$I22),4)) | Z21: =IF(OR($I21="",$I23=""),"",ROUND(ABS($I21-$I23),4)) | AA21: =IF(OR($I21="",$I24=""),"",ROUND(ABS($I21-$I24),4)) | AB21: =IF(OR($I21="",$I25=""),"",ROUND(ABS($I21-$I25),4)) | AC21: =IF(OR($I21="",$I26=""),"",ROUND(ABS($I21-$I26),4)) | AD21: =IF(OR($I21="",$I27=""),"",ROUND(ABS($I21-$I27),4)) | AE21: =IF(OR($I21="",$I28=""),"",ROUND(ABS($I21-$I28),4)) | AF21: =IF(OR($I21="",$I29=""),"",ROUND(ABS($I21-$I29),4)) | AG21: =IF(OR($I21="",$I30=""),"",ROUND(ABS($I21-$I30),4)) | AI21: =IF(OR($I21="",$I15=""),"",ROUND((2*$I21-$I15)*1000,0)) | AJ21: =IF(OR($I21="",$I16=""),"",ROUND((2*$I21-$I16)*1000,0)) | AK21: =IF(OR($I21="",$I17=""),"",ROUND((2*$I21-$I17)*1000,0)) | AL21: =IF(OR($I21="",$I18=""),"",ROUND((2*$I21-$I18)*1000,0)) | AM21: =IF(OR($I21="",$I19=""),"",ROUND((2*$I21-$I19)*1000,0)) | AN21: =IF(OR($I21="",$I20=""),"",ROUND((2*$I21-$I20)*1000,0)) | AP21: =IF(OR($I21="",$I22=""),"",ROUND((2*$I21-$I22)*1000,0)) | AQ21: =IF(OR($I21="",$I23=""),"",ROUND((2*$I21-$I23)*1000,0)) | AR21: =IF(OR($I21="",$I24=""),"",ROUND((2*$I21-$I24)*1000,0)) | AS21: =IF(OR($I21="",$I25=""),"",ROUND((2*$I21-$I25)*1000,0)) | AT21: =IF(OR($I21="",$I26=""),"",ROUND((2*$I21-$I26)*1000,0)) | AU21: =IF(OR($I21="",$I27=""),"",ROUND((2*$I21-$I27)*1000,0)) | AV21: =IF(OR($I21="",$I28=""),"",ROUND((2*$I21-$I28)*1000,0)) | AW21: =IF(OR($I21="",$I29=""),"",ROUND((2*$I21-$I29)*1000,0)) | AX21: =IF(OR($I21="",$I30=""),"",ROUND((2*$I21-$I30)*1000,0))
B22: 8 | J22: =IF(I22="","",IF(AND(I22>=470,I22<698),INT((I22-470)/6)+14,"–")) | K22: =IF(OR(I22="",COUNT($R22:$AG22)=0),"",MIN($R22:$AG22)) | L22: =IF(K22="","",MATCH(K22,$R22:$AG22,0)) | M22: =IF(I22="","",COUNTIFS($AI$15:$AX$30,">"&ROUND((I22-$L$5)*1000,0),$AI$15:$AX$30,"<"&ROUND((I22+$L$5)*1000,0))-COUNTIFS($AI22:$AX22,">"&ROUND((I22-$L$5)*1000,0),$AI22:$AX22,"<"&ROUND((I22+$L$5)*1000,0))-COUNTIFS(AP$15:AP$30,">"&ROUND((I22-$L$5)*1000,0),AP$15:AP$30,"<"&ROUND((I22+$L$5)*1000,0))) | N22: =IF(I22="",IF(AND(C22<>"",F22="2,4 GHz"),"Automática",""),IF(AND(K22<>"",K22<0.0005),"Repetida",IF(AND(K22<>"",$L$4<>"",K22<$L$4),"Próxima",IF(AND($L$6<>"",$L$7<>"",I22>=$L$6,I22<=$L$7),"Telefonia",IF(AND(I22>=470,I22<698,COUNTIF($E$9:$L$9,INT((I22-470)/6)+14)>0),"TV",IF(M22>0,"Intermod.","OK")))))) | O22: =IF(N22="","",IF(N22="Automática","Sem frequência fixa: o sistema escolhe o canal. Afaste o receptor do roteador Wi-Fi",IF(N22="Repetida","Mesma frequência do sistema nº "&L22&": troque o canal de um dos dois",IF(N22="Próxima","Perto demais do sistema nº "&L22&": afaste as duas frequências",IF(N22="Telefonia","Dentro da faixa a evitar: troque de frequência ou de equipamento",IF(N22="TV","Dentro do canal de TV "&J22&", ativo na cidade: use um canal de TV livre",IF(N22="Intermod.","Há "&M22&" produto(s) de intermodulação perto: troque esta frequência ou use o grupo do fabricante","Manter"))))))) | R22: =IF(OR($I22="",$I15=""),"",ROUND(ABS($I22-$I15),4)) | S22: =IF(OR($I22="",$I16=""),"",ROUND(ABS($I22-$I16),4)) | T22: =IF(OR($I22="",$I17=""),"",ROUND(ABS($I22-$I17),4)) | U22: =IF(OR($I22="",$I18=""),"",ROUND(ABS($I22-$I18),4)) | V22: =IF(OR($I22="",$I19=""),"",ROUND(ABS($I22-$I19),4)) | W22: =IF(OR($I22="",$I20=""),"",ROUND(ABS($I22-$I20),4)) | X22: =IF(OR($I22="",$I21=""),"",ROUND(ABS($I22-$I21),4)) | Z22: =IF(OR($I22="",$I23=""),"",ROUND(ABS($I22-$I23),4)) | AA22: =IF(OR($I22="",$I24=""),"",ROUND(ABS($I22-$I24),4)) | AB22: =IF(OR($I22="",$I25=""),"",ROUND(ABS($I22-$I25),4)) | AC22: =IF(OR($I22="",$I26=""),"",ROUND(ABS($I22-$I26),4)) | AD22: =IF(OR($I22="",$I27=""),"",ROUND(ABS($I22-$I27),4)) | AE22: =IF(OR($I22="",$I28=""),"",ROUND(ABS($I22-$I28),4)) | AF22: =IF(OR($I22="",$I29=""),"",ROUND(ABS($I22-$I29),4)) | AG22: =IF(OR($I22="",$I30=""),"",ROUND(ABS($I22-$I30),4)) | AI22: =IF(OR($I22="",$I15=""),"",ROUND((2*$I22-$I15)*1000,0)) | AJ22: =IF(OR($I22="",$I16=""),"",ROUND((2*$I22-$I16)*1000,0)) | AK22: =IF(OR($I22="",$I17=""),"",ROUND((2*$I22-$I17)*1000,0)) | AL22: =IF(OR($I22="",$I18=""),"",ROUND((2*$I22-$I18)*1000,0)) | AM22: =IF(OR($I22="",$I19=""),"",ROUND((2*$I22-$I19)*1000,0)) | AN22: =IF(OR($I22="",$I20=""),"",ROUND((2*$I22-$I20)*1000,0)) | AO22: =IF(OR($I22="",$I21=""),"",ROUND((2*$I22-$I21)*1000,0)) | AQ22: =IF(OR($I22="",$I23=""),"",ROUND((2*$I22-$I23)*1000,0)) | AR22: =IF(OR($I22="",$I24=""),"",ROUND((2*$I22-$I24)*1000,0)) | AS22: =IF(OR($I22="",$I25=""),"",ROUND((2*$I22-$I25)*1000,0)) | AT22: =IF(OR($I22="",$I26=""),"",ROUND((2*$I22-$I26)*1000,0)) | AU22: =IF(OR($I22="",$I27=""),"",ROUND((2*$I22-$I27)*1000,0)) | AV22: =IF(OR($I22="",$I28=""),"",ROUND((2*$I22-$I28)*1000,0)) | AW22: =IF(OR($I22="",$I29=""),"",ROUND((2*$I22-$I29)*1000,0)) | AX22: =IF(OR($I22="",$I30=""),"",ROUND((2*$I22-$I30)*1000,0))
B23: 9 | J23: =IF(I23="","",IF(AND(I23>=470,I23<698),INT((I23-470)/6)+14,"–")) | K23: =IF(OR(I23="",COUNT($R23:$AG23)=0),"",MIN($R23:$AG23)) | L23: =IF(K23="","",MATCH(K23,$R23:$AG23,0)) | M23: =IF(I23="","",COUNTIFS($AI$15:$AX$30,">"&ROUND((I23-$L$5)*1000,0),$AI$15:$AX$30,"<"&ROUND((I23+$L$5)*1000,0))-COUNTIFS($AI23:$AX23,">"&ROUND((I23-$L$5)*1000,0),$AI23:$AX23,"<"&ROUND((I23+$L$5)*1000,0))-COUNTIFS(AQ$15:AQ$30,">"&ROUND((I23-$L$5)*1000,0),AQ$15:AQ$30,"<"&ROUND((I23+$L$5)*1000,0))) | N23: =IF(I23="",IF(AND(C23<>"",F23="2,4 GHz"),"Automática",""),IF(AND(K23<>"",K23<0.0005),"Repetida",IF(AND(K23<>"",$L$4<>"",K23<$L$4),"Próxima",IF(AND($L$6<>"",$L$7<>"",I23>=$L$6,I23<=$L$7),"Telefonia",IF(AND(I23>=470,I23<698,COUNTIF($E$9:$L$9,INT((I23-470)/6)+14)>0),"TV",IF(M23>0,"Intermod.","OK")))))) | O23: =IF(N23="","",IF(N23="Automática","Sem frequência fixa: o sistema escolhe o canal. Afaste o receptor do roteador Wi-Fi",IF(N23="Repetida","Mesma frequência do sistema nº "&L23&": troque o canal de um dos dois",IF(N23="Próxima","Perto demais do sistema nº "&L23&": afaste as duas frequências",IF(N23="Telefonia","Dentro da faixa a evitar: troque de frequência ou de equipamento",IF(N23="TV","Dentro do canal de TV "&J23&", ativo na cidade: use um canal de TV livre",IF(N23="Intermod.","Há "&M23&" produto(s) de intermodulação perto: troque esta frequência ou use o grupo do fabricante","Manter"))))))) | R23: =IF(OR($I23="",$I15=""),"",ROUND(ABS($I23-$I15),4)) | S23: =IF(OR($I23="",$I16=""),"",ROUND(ABS($I23-$I16),4)) | T23: =IF(OR($I23="",$I17=""),"",ROUND(ABS($I23-$I17),4)) | U23: =IF(OR($I23="",$I18=""),"",ROUND(ABS($I23-$I18),4)) | V23: =IF(OR($I23="",$I19=""),"",ROUND(ABS($I23-$I19),4)) | W23: =IF(OR($I23="",$I20=""),"",ROUND(ABS($I23-$I20),4)) | X23: =IF(OR($I23="",$I21=""),"",ROUND(ABS($I23-$I21),4)) | Y23: =IF(OR($I23="",$I22=""),"",ROUND(ABS($I23-$I22),4)) | AA23: =IF(OR($I23="",$I24=""),"",ROUND(ABS($I23-$I24),4)) | AB23: =IF(OR($I23="",$I25=""),"",ROUND(ABS($I23-$I25),4)) | AC23: =IF(OR($I23="",$I26=""),"",ROUND(ABS($I23-$I26),4)) | AD23: =IF(OR($I23="",$I27=""),"",ROUND(ABS($I23-$I27),4)) | AE23: =IF(OR($I23="",$I28=""),"",ROUND(ABS($I23-$I28),4)) | AF23: =IF(OR($I23="",$I29=""),"",ROUND(ABS($I23-$I29),4)) | AG23: =IF(OR($I23="",$I30=""),"",ROUND(ABS($I23-$I30),4)) | AI23: =IF(OR($I23="",$I15=""),"",ROUND((2*$I23-$I15)*1000,0)) | AJ23: =IF(OR($I23="",$I16=""),"",ROUND((2*$I23-$I16)*1000,0)) | AK23: =IF(OR($I23="",$I17=""),"",ROUND((2*$I23-$I17)*1000,0)) | AL23: =IF(OR($I23="",$I18=""),"",ROUND((2*$I23-$I18)*1000,0)) | AM23: =IF(OR($I23="",$I19=""),"",ROUND((2*$I23-$I19)*1000,0)) | AN23: =IF(OR($I23="",$I20=""),"",ROUND((2*$I23-$I20)*1000,0)) | AO23: =IF(OR($I23="",$I21=""),"",ROUND((2*$I23-$I21)*1000,0)) | AP23: =IF(OR($I23="",$I22=""),"",ROUND((2*$I23-$I22)*1000,0)) | AR23: =IF(OR($I23="",$I24=""),"",ROUND((2*$I23-$I24)*1000,0)) | AS23: =IF(OR($I23="",$I25=""),"",ROUND((2*$I23-$I25)*1000,0)) | AT23: =IF(OR($I23="",$I26=""),"",ROUND((2*$I23-$I26)*1000,0)) | AU23: =IF(OR($I23="",$I27=""),"",ROUND((2*$I23-$I27)*1000,0)) | AV23: =IF(OR($I23="",$I28=""),"",ROUND((2*$I23-$I28)*1000,0)) | AW23: =IF(OR($I23="",$I29=""),"",ROUND((2*$I23-$I29)*1000,0)) | AX23: =IF(OR($I23="",$I30=""),"",ROUND((2*$I23-$I30)*1000,0))
B24: 10 | J24: =IF(I24="","",IF(AND(I24>=470,I24<698),INT((I24-470)/6)+14,"–")) | K24: =IF(OR(I24="",COUNT($R24:$AG24)=0),"",MIN($R24:$AG24)) | L24: =IF(K24="","",MATCH(K24,$R24:$AG24,0)) | M24: =IF(I24="","",COUNTIFS($AI$15:$AX$30,">"&ROUND((I24-$L$5)*1000,0),$AI$15:$AX$30,"<"&ROUND((I24+$L$5)*1000,0))-COUNTIFS($AI24:$AX24,">"&ROUND((I24-$L$5)*1000,0),$AI24:$AX24,"<"&ROUND((I24+$L$5)*1000,0))-COUNTIFS(AR$15:AR$30,">"&ROUND((I24-$L$5)*1000,0),AR$15:AR$30,"<"&ROUND((I24+$L$5)*1000,0))) | N24: =IF(I24="",IF(AND(C24<>"",F24="2,4 GHz"),"Automática",""),IF(AND(K24<>"",K24<0.0005),"Repetida",IF(AND(K24<>"",$L$4<>"",K24<$L$4),"Próxima",IF(AND($L$6<>"",$L$7<>"",I24>=$L$6,I24<=$L$7),"Telefonia",IF(AND(I24>=470,I24<698,COUNTIF($E$9:$L$9,INT((I24-470)/6)+14)>0),"TV",IF(M24>0,"Intermod.","OK")))))) | O24: =IF(N24="","",IF(N24="Automática","Sem frequência fixa: o sistema escolhe o canal. Afaste o receptor do roteador Wi-Fi",IF(N24="Repetida","Mesma frequência do sistema nº "&L24&": troque o canal de um dos dois",IF(N24="Próxima","Perto demais do sistema nº "&L24&": afaste as duas frequências",IF(N24="Telefonia","Dentro da faixa a evitar: troque de frequência ou de equipamento",IF(N24="TV","Dentro do canal de TV "&J24&", ativo na cidade: use um canal de TV livre",IF(N24="Intermod.","Há "&M24&" produto(s) de intermodulação perto: troque esta frequência ou use o grupo do fabricante","Manter"))))))) | R24: =IF(OR($I24="",$I15=""),"",ROUND(ABS($I24-$I15),4)) | S24: =IF(OR($I24="",$I16=""),"",ROUND(ABS($I24-$I16),4)) | T24: =IF(OR($I24="",$I17=""),"",ROUND(ABS($I24-$I17),4)) | U24: =IF(OR($I24="",$I18=""),"",ROUND(ABS($I24-$I18),4)) | V24: =IF(OR($I24="",$I19=""),"",ROUND(ABS($I24-$I19),4)) | W24: =IF(OR($I24="",$I20=""),"",ROUND(ABS($I24-$I20),4)) | X24: =IF(OR($I24="",$I21=""),"",ROUND(ABS($I24-$I21),4)) | Y24: =IF(OR($I24="",$I22=""),"",ROUND(ABS($I24-$I22),4)) | Z24: =IF(OR($I24="",$I23=""),"",ROUND(ABS($I24-$I23),4)) | AB24: =IF(OR($I24="",$I25=""),"",ROUND(ABS($I24-$I25),4)) | AC24: =IF(OR($I24="",$I26=""),"",ROUND(ABS($I24-$I26),4)) | AD24: =IF(OR($I24="",$I27=""),"",ROUND(ABS($I24-$I27),4)) | AE24: =IF(OR($I24="",$I28=""),"",ROUND(ABS($I24-$I28),4)) | AF24: =IF(OR($I24="",$I29=""),"",ROUND(ABS($I24-$I29),4)) | AG24: =IF(OR($I24="",$I30=""),"",ROUND(ABS($I24-$I30),4)) | AI24: =IF(OR($I24="",$I15=""),"",ROUND((2*$I24-$I15)*1000,0)) | AJ24: =IF(OR($I24="",$I16=""),"",ROUND((2*$I24-$I16)*1000,0)) | AK24: =IF(OR($I24="",$I17=""),"",ROUND((2*$I24-$I17)*1000,0)) | AL24: =IF(OR($I24="",$I18=""),"",ROUND((2*$I24-$I18)*1000,0)) | AM24: =IF(OR($I24="",$I19=""),"",ROUND((2*$I24-$I19)*1000,0)) | AN24: =IF(OR($I24="",$I20=""),"",ROUND((2*$I24-$I20)*1000,0)) | AO24: =IF(OR($I24="",$I21=""),"",ROUND((2*$I24-$I21)*1000,0)) | AP24: =IF(OR($I24="",$I22=""),"",ROUND((2*$I24-$I22)*1000,0)) | AQ24: =IF(OR($I24="",$I23=""),"",ROUND((2*$I24-$I23)*1000,0)) | AS24: =IF(OR($I24="",$I25=""),"",ROUND((2*$I24-$I25)*1000,0)) | AT24: =IF(OR($I24="",$I26=""),"",ROUND((2*$I24-$I26)*1000,0)) | AU24: =IF(OR($I24="",$I27=""),"",ROUND((2*$I24-$I27)*1000,0)) | AV24: =IF(OR($I24="",$I28=""),"",ROUND((2*$I24-$I28)*1000,0)) | AW24: =IF(OR($I24="",$I29=""),"",ROUND((2*$I24-$I29)*1000,0)) | AX24: =IF(OR($I24="",$I30=""),"",ROUND((2*$I24-$I30)*1000,0))
B25: 11 | J25: =IF(I25="","",IF(AND(I25>=470,I25<698),INT((I25-470)/6)+14,"–")) | K25: =IF(OR(I25="",COUNT($R25:$AG25)=0),"",MIN($R25:$AG25)) | L25: =IF(K25="","",MATCH(K25,$R25:$AG25,0)) | M25: =IF(I25="","",COUNTIFS($AI$15:$AX$30,">"&ROUND((I25-$L$5)*1000,0),$AI$15:$AX$30,"<"&ROUND((I25+$L$5)*1000,0))-COUNTIFS($AI25:$AX25,">"&ROUND((I25-$L$5)*1000,0),$AI25:$AX25,"<"&ROUND((I25+$L$5)*1000,0))-COUNTIFS(AS$15:AS$30,">"&ROUND((I25-$L$5)*1000,0),AS$15:AS$30,"<"&ROUND((I25+$L$5)*1000,0))) | N25: =IF(I25="",IF(AND(C25<>"",F25="2,4 GHz"),"Automática",""),IF(AND(K25<>"",K25<0.0005),"Repetida",IF(AND(K25<>"",$L$4<>"",K25<$L$4),"Próxima",IF(AND($L$6<>"",$L$7<>"",I25>=$L$6,I25<=$L$7),"Telefonia",IF(AND(I25>=470,I25<698,COUNTIF($E$9:$L$9,INT((I25-470)/6)+14)>0),"TV",IF(M25>0,"Intermod.","OK")))))) | O25: =IF(N25="","",IF(N25="Automática","Sem frequência fixa: o sistema escolhe o canal. Afaste o receptor do roteador Wi-Fi",IF(N25="Repetida","Mesma frequência do sistema nº "&L25&": troque o canal de um dos dois",IF(N25="Próxima","Perto demais do sistema nº "&L25&": afaste as duas frequências",IF(N25="Telefonia","Dentro da faixa a evitar: troque de frequência ou de equipamento",IF(N25="TV","Dentro do canal de TV "&J25&", ativo na cidade: use um canal de TV livre",IF(N25="Intermod.","Há "&M25&" produto(s) de intermodulação perto: troque esta frequência ou use o grupo do fabricante","Manter"))))))) | R25: =IF(OR($I25="",$I15=""),"",ROUND(ABS($I25-$I15),4)) | S25: =IF(OR($I25="",$I16=""),"",ROUND(ABS($I25-$I16),4)) | T25: =IF(OR($I25="",$I17=""),"",ROUND(ABS($I25-$I17),4)) | U25: =IF(OR($I25="",$I18=""),"",ROUND(ABS($I25-$I18),4)) | V25: =IF(OR($I25="",$I19=""),"",ROUND(ABS($I25-$I19),4)) | W25: =IF(OR($I25="",$I20=""),"",ROUND(ABS($I25-$I20),4)) | X25: =IF(OR($I25="",$I21=""),"",ROUND(ABS($I25-$I21),4)) | Y25: =IF(OR($I25="",$I22=""),"",ROUND(ABS($I25-$I22),4)) | Z25: =IF(OR($I25="",$I23=""),"",ROUND(ABS($I25-$I23),4)) | AA25: =IF(OR($I25="",$I24=""),"",ROUND(ABS($I25-$I24),4)) | AC25: =IF(OR($I25="",$I26=""),"",ROUND(ABS($I25-$I26),4)) | AD25: =IF(OR($I25="",$I27=""),"",ROUND(ABS($I25-$I27),4)) | AE25: =IF(OR($I25="",$I28=""),"",ROUND(ABS($I25-$I28),4)) | AF25: =IF(OR($I25="",$I29=""),"",ROUND(ABS($I25-$I29),4)) | AG25: =IF(OR($I25="",$I30=""),"",ROUND(ABS($I25-$I30),4)) | AI25: =IF(OR($I25="",$I15=""),"",ROUND((2*$I25-$I15)*1000,0)) | AJ25: =IF(OR($I25="",$I16=""),"",ROUND((2*$I25-$I16)*1000,0)) | AK25: =IF(OR($I25="",$I17=""),"",ROUND((2*$I25-$I17)*1000,0)) | AL25: =IF(OR($I25="",$I18=""),"",ROUND((2*$I25-$I18)*1000,0)) | AM25: =IF(OR($I25="",$I19=""),"",ROUND((2*$I25-$I19)*1000,0)) | AN25: =IF(OR($I25="",$I20=""),"",ROUND((2*$I25-$I20)*1000,0)) | AO25: =IF(OR($I25="",$I21=""),"",ROUND((2*$I25-$I21)*1000,0)) | AP25: =IF(OR($I25="",$I22=""),"",ROUND((2*$I25-$I22)*1000,0)) | AQ25: =IF(OR($I25="",$I23=""),"",ROUND((2*$I25-$I23)*1000,0)) | AR25: =IF(OR($I25="",$I24=""),"",ROUND((2*$I25-$I24)*1000,0)) | AT25: =IF(OR($I25="",$I26=""),"",ROUND((2*$I25-$I26)*1000,0)) | AU25: =IF(OR($I25="",$I27=""),"",ROUND((2*$I25-$I27)*1000,0)) | AV25: =IF(OR($I25="",$I28=""),"",ROUND((2*$I25-$I28)*1000,0)) | AW25: =IF(OR($I25="",$I29=""),"",ROUND((2*$I25-$I29)*1000,0)) | AX25: =IF(OR($I25="",$I30=""),"",ROUND((2*$I25-$I30)*1000,0))
B26: 12 | J26: =IF(I26="","",IF(AND(I26>=470,I26<698),INT((I26-470)/6)+14,"–")) | K26: =IF(OR(I26="",COUNT($R26:$AG26)=0),"",MIN($R26:$AG26)) | L26: =IF(K26="","",MATCH(K26,$R26:$AG26,0)) | M26: =IF(I26="","",COUNTIFS($AI$15:$AX$30,">"&ROUND((I26-$L$5)*1000,0),$AI$15:$AX$30,"<"&ROUND((I26+$L$5)*1000,0))-COUNTIFS($AI26:$AX26,">"&ROUND((I26-$L$5)*1000,0),$AI26:$AX26,"<"&ROUND((I26+$L$5)*1000,0))-COUNTIFS(AT$15:AT$30,">"&ROUND((I26-$L$5)*1000,0),AT$15:AT$30,"<"&ROUND((I26+$L$5)*1000,0))) | N26: =IF(I26="",IF(AND(C26<>"",F26="2,4 GHz"),"Automática",""),IF(AND(K26<>"",K26<0.0005),"Repetida",IF(AND(K26<>"",$L$4<>"",K26<$L$4),"Próxima",IF(AND($L$6<>"",$L$7<>"",I26>=$L$6,I26<=$L$7),"Telefonia",IF(AND(I26>=470,I26<698,COUNTIF($E$9:$L$9,INT((I26-470)/6)+14)>0),"TV",IF(M26>0,"Intermod.","OK")))))) | O26: =IF(N26="","",IF(N26="Automática","Sem frequência fixa: o sistema escolhe o canal. Afaste o receptor do roteador Wi-Fi",IF(N26="Repetida","Mesma frequência do sistema nº "&L26&": troque o canal de um dos dois",IF(N26="Próxima","Perto demais do sistema nº "&L26&": afaste as duas frequências",IF(N26="Telefonia","Dentro da faixa a evitar: troque de frequência ou de equipamento",IF(N26="TV","Dentro do canal de TV "&J26&", ativo na cidade: use um canal de TV livre",IF(N26="Intermod.","Há "&M26&" produto(s) de intermodulação perto: troque esta frequência ou use o grupo do fabricante","Manter"))))))) | R26: =IF(OR($I26="",$I15=""),"",ROUND(ABS($I26-$I15),4)) | S26: =IF(OR($I26="",$I16=""),"",ROUND(ABS($I26-$I16),4)) | T26: =IF(OR($I26="",$I17=""),"",ROUND(ABS($I26-$I17),4)) | U26: =IF(OR($I26="",$I18=""),"",ROUND(ABS($I26-$I18),4)) | V26: =IF(OR($I26="",$I19=""),"",ROUND(ABS($I26-$I19),4)) | W26: =IF(OR($I26="",$I20=""),"",ROUND(ABS($I26-$I20),4)) | X26: =IF(OR($I26="",$I21=""),"",ROUND(ABS($I26-$I21),4)) | Y26: =IF(OR($I26="",$I22=""),"",ROUND(ABS($I26-$I22),4)) | Z26: =IF(OR($I26="",$I23=""),"",ROUND(ABS($I26-$I23),4)) | AA26: =IF(OR($I26="",$I24=""),"",ROUND(ABS($I26-$I24),4)) | AB26: =IF(OR($I26="",$I25=""),"",ROUND(ABS($I26-$I25),4)) | AD26: =IF(OR($I26="",$I27=""),"",ROUND(ABS($I26-$I27),4)) | AE26: =IF(OR($I26="",$I28=""),"",ROUND(ABS($I26-$I28),4)) | AF26: =IF(OR($I26="",$I29=""),"",ROUND(ABS($I26-$I29),4)) | AG26: =IF(OR($I26="",$I30=""),"",ROUND(ABS($I26-$I30),4)) | AI26: =IF(OR($I26="",$I15=""),"",ROUND((2*$I26-$I15)*1000,0)) | AJ26: =IF(OR($I26="",$I16=""),"",ROUND((2*$I26-$I16)*1000,0)) | AK26: =IF(OR($I26="",$I17=""),"",ROUND((2*$I26-$I17)*1000,0)) | AL26: =IF(OR($I26="",$I18=""),"",ROUND((2*$I26-$I18)*1000,0)) | AM26: =IF(OR($I26="",$I19=""),"",ROUND((2*$I26-$I19)*1000,0)) | AN26: =IF(OR($I26="",$I20=""),"",ROUND((2*$I26-$I20)*1000,0)) | AO26: =IF(OR($I26="",$I21=""),"",ROUND((2*$I26-$I21)*1000,0)) | AP26: =IF(OR($I26="",$I22=""),"",ROUND((2*$I26-$I22)*1000,0)) | AQ26: =IF(OR($I26="",$I23=""),"",ROUND((2*$I26-$I23)*1000,0)) | AR26: =IF(OR($I26="",$I24=""),"",ROUND((2*$I26-$I24)*1000,0)) | AS26: =IF(OR($I26="",$I25=""),"",ROUND((2*$I26-$I25)*1000,0)) | AU26: =IF(OR($I26="",$I27=""),"",ROUND((2*$I26-$I27)*1000,0)) | AV26: =IF(OR($I26="",$I28=""),"",ROUND((2*$I26-$I28)*1000,0)) | AW26: =IF(OR($I26="",$I29=""),"",ROUND((2*$I26-$I29)*1000,0)) | AX26: =IF(OR($I26="",$I30=""),"",ROUND((2*$I26-$I30)*1000,0))
B27: 13 | J27: =IF(I27="","",IF(AND(I27>=470,I27<698),INT((I27-470)/6)+14,"–")) | K27: =IF(OR(I27="",COUNT($R27:$AG27)=0),"",MIN($R27:$AG27)) | L27: =IF(K27="","",MATCH(K27,$R27:$AG27,0)) | M27: =IF(I27="","",COUNTIFS($AI$15:$AX$30,">"&ROUND((I27-$L$5)*1000,0),$AI$15:$AX$30,"<"&ROUND((I27+$L$5)*1000,0))-COUNTIFS($AI27:$AX27,">"&ROUND((I27-$L$5)*1000,0),$AI27:$AX27,"<"&ROUND((I27+$L$5)*1000,0))-COUNTIFS(AU$15:AU$30,">"&ROUND((I27-$L$5)*1000,0),AU$15:AU$30,"<"&ROUND((I27+$L$5)*1000,0))) | N27: =IF(I27="",IF(AND(C27<>"",F27="2,4 GHz"),"Automática",""),IF(AND(K27<>"",K27<0.0005),"Repetida",IF(AND(K27<>"",$L$4<>"",K27<$L$4),"Próxima",IF(AND($L$6<>"",$L$7<>"",I27>=$L$6,I27<=$L$7),"Telefonia",IF(AND(I27>=470,I27<698,COUNTIF($E$9:$L$9,INT((I27-470)/6)+14)>0),"TV",IF(M27>0,"Intermod.","OK")))))) | O27: =IF(N27="","",IF(N27="Automática","Sem frequência fixa: o sistema escolhe o canal. Afaste o receptor do roteador Wi-Fi",IF(N27="Repetida","Mesma frequência do sistema nº "&L27&": troque o canal de um dos dois",IF(N27="Próxima","Perto demais do sistema nº "&L27&": afaste as duas frequências",IF(N27="Telefonia","Dentro da faixa a evitar: troque de frequência ou de equipamento",IF(N27="TV","Dentro do canal de TV "&J27&", ativo na cidade: use um canal de TV livre",IF(N27="Intermod.","Há "&M27&" produto(s) de intermodulação perto: troque esta frequência ou use o grupo do fabricante","Manter"))))))) | R27: =IF(OR($I27="",$I15=""),"",ROUND(ABS($I27-$I15),4)) | S27: =IF(OR($I27="",$I16=""),"",ROUND(ABS($I27-$I16),4)) | T27: =IF(OR($I27="",$I17=""),"",ROUND(ABS($I27-$I17),4)) | U27: =IF(OR($I27="",$I18=""),"",ROUND(ABS($I27-$I18),4)) | V27: =IF(OR($I27="",$I19=""),"",ROUND(ABS($I27-$I19),4)) | W27: =IF(OR($I27="",$I20=""),"",ROUND(ABS($I27-$I20),4)) | X27: =IF(OR($I27="",$I21=""),"",ROUND(ABS($I27-$I21),4)) | Y27: =IF(OR($I27="",$I22=""),"",ROUND(ABS($I27-$I22),4)) | Z27: =IF(OR($I27="",$I23=""),"",ROUND(ABS($I27-$I23),4)) | AA27: =IF(OR($I27="",$I24=""),"",ROUND(ABS($I27-$I24),4)) | AB27: =IF(OR($I27="",$I25=""),"",ROUND(ABS($I27-$I25),4)) | AC27: =IF(OR($I27="",$I26=""),"",ROUND(ABS($I27-$I26),4)) | AE27: =IF(OR($I27="",$I28=""),"",ROUND(ABS($I27-$I28),4)) | AF27: =IF(OR($I27="",$I29=""),"",ROUND(ABS($I27-$I29),4)) | AG27: =IF(OR($I27="",$I30=""),"",ROUND(ABS($I27-$I30),4)) | AI27: =IF(OR($I27="",$I15=""),"",ROUND((2*$I27-$I15)*1000,0)) | AJ27: =IF(OR($I27="",$I16=""),"",ROUND((2*$I27-$I16)*1000,0)) | AK27: =IF(OR($I27="",$I17=""),"",ROUND((2*$I27-$I17)*1000,0)) | AL27: =IF(OR($I27="",$I18=""),"",ROUND((2*$I27-$I18)*1000,0)) | AM27: =IF(OR($I27="",$I19=""),"",ROUND((2*$I27-$I19)*1000,0)) | AN27: =IF(OR($I27="",$I20=""),"",ROUND((2*$I27-$I20)*1000,0)) | AO27: =IF(OR($I27="",$I21=""),"",ROUND((2*$I27-$I21)*1000,0)) | AP27: =IF(OR($I27="",$I22=""),"",ROUND((2*$I27-$I22)*1000,0)) | AQ27: =IF(OR($I27="",$I23=""),"",ROUND((2*$I27-$I23)*1000,0)) | AR27: =IF(OR($I27="",$I24=""),"",ROUND((2*$I27-$I24)*1000,0)) | AS27: =IF(OR($I27="",$I25=""),"",ROUND((2*$I27-$I25)*1000,0)) | AT27: =IF(OR($I27="",$I26=""),"",ROUND((2*$I27-$I26)*1000,0)) | AV27: =IF(OR($I27="",$I28=""),"",ROUND((2*$I27-$I28)*1000,0)) | AW27: =IF(OR($I27="",$I29=""),"",ROUND((2*$I27-$I29)*1000,0)) | AX27: =IF(OR($I27="",$I30=""),"",ROUND((2*$I27-$I30)*1000,0))
B28: 14 | J28: =IF(I28="","",IF(AND(I28>=470,I28<698),INT((I28-470)/6)+14,"–")) | K28: =IF(OR(I28="",COUNT($R28:$AG28)=0),"",MIN($R28:$AG28)) | L28: =IF(K28="","",MATCH(K28,$R28:$AG28,0)) | M28: =IF(I28="","",COUNTIFS($AI$15:$AX$30,">"&ROUND((I28-$L$5)*1000,0),$AI$15:$AX$30,"<"&ROUND((I28+$L$5)*1000,0))-COUNTIFS($AI28:$AX28,">"&ROUND((I28-$L$5)*1000,0),$AI28:$AX28,"<"&ROUND((I28+$L$5)*1000,0))-COUNTIFS(AV$15:AV$30,">"&ROUND((I28-$L$5)*1000,0),AV$15:AV$30,"<"&ROUND((I28+$L$5)*1000,0))) | N28: =IF(I28="",IF(AND(C28<>"",F28="2,4 GHz"),"Automática",""),IF(AND(K28<>"",K28<0.0005),"Repetida",IF(AND(K28<>"",$L$4<>"",K28<$L$4),"Próxima",IF(AND($L$6<>"",$L$7<>"",I28>=$L$6,I28<=$L$7),"Telefonia",IF(AND(I28>=470,I28<698,COUNTIF($E$9:$L$9,INT((I28-470)/6)+14)>0),"TV",IF(M28>0,"Intermod.","OK")))))) | O28: =IF(N28="","",IF(N28="Automática","Sem frequência fixa: o sistema escolhe o canal. Afaste o receptor do roteador Wi-Fi",IF(N28="Repetida","Mesma frequência do sistema nº "&L28&": troque o canal de um dos dois",IF(N28="Próxima","Perto demais do sistema nº "&L28&": afaste as duas frequências",IF(N28="Telefonia","Dentro da faixa a evitar: troque de frequência ou de equipamento",IF(N28="TV","Dentro do canal de TV "&J28&", ativo na cidade: use um canal de TV livre",IF(N28="Intermod.","Há "&M28&" produto(s) de intermodulação perto: troque esta frequência ou use o grupo do fabricante","Manter"))))))) | R28: =IF(OR($I28="",$I15=""),"",ROUND(ABS($I28-$I15),4)) | S28: =IF(OR($I28="",$I16=""),"",ROUND(ABS($I28-$I16),4)) | T28: =IF(OR($I28="",$I17=""),"",ROUND(ABS($I28-$I17),4)) | U28: =IF(OR($I28="",$I18=""),"",ROUND(ABS($I28-$I18),4)) | V28: =IF(OR($I28="",$I19=""),"",ROUND(ABS($I28-$I19),4)) | W28: =IF(OR($I28="",$I20=""),"",ROUND(ABS($I28-$I20),4)) | X28: =IF(OR($I28="",$I21=""),"",ROUND(ABS($I28-$I21),4)) | Y28: =IF(OR($I28="",$I22=""),"",ROUND(ABS($I28-$I22),4)) | Z28: =IF(OR($I28="",$I23=""),"",ROUND(ABS($I28-$I23),4)) | AA28: =IF(OR($I28="",$I24=""),"",ROUND(ABS($I28-$I24),4)) | AB28: =IF(OR($I28="",$I25=""),"",ROUND(ABS($I28-$I25),4)) | AC28: =IF(OR($I28="",$I26=""),"",ROUND(ABS($I28-$I26),4)) | AD28: =IF(OR($I28="",$I27=""),"",ROUND(ABS($I28-$I27),4)) | AF28: =IF(OR($I28="",$I29=""),"",ROUND(ABS($I28-$I29),4)) | AG28: =IF(OR($I28="",$I30=""),"",ROUND(ABS($I28-$I30),4)) | AI28: =IF(OR($I28="",$I15=""),"",ROUND((2*$I28-$I15)*1000,0)) | AJ28: =IF(OR($I28="",$I16=""),"",ROUND((2*$I28-$I16)*1000,0)) | AK28: =IF(OR($I28="",$I17=""),"",ROUND((2*$I28-$I17)*1000,0)) | AL28: =IF(OR($I28="",$I18=""),"",ROUND((2*$I28-$I18)*1000,0)) | AM28: =IF(OR($I28="",$I19=""),"",ROUND((2*$I28-$I19)*1000,0)) | AN28: =IF(OR($I28="",$I20=""),"",ROUND((2*$I28-$I20)*1000,0)) | AO28: =IF(OR($I28="",$I21=""),"",ROUND((2*$I28-$I21)*1000,0)) | AP28: =IF(OR($I28="",$I22=""),"",ROUND((2*$I28-$I22)*1000,0)) | AQ28: =IF(OR($I28="",$I23=""),"",ROUND((2*$I28-$I23)*1000,0)) | AR28: =IF(OR($I28="",$I24=""),"",ROUND((2*$I28-$I24)*1000,0)) | AS28: =IF(OR($I28="",$I25=""),"",ROUND((2*$I28-$I25)*1000,0)) | AT28: =IF(OR($I28="",$I26=""),"",ROUND((2*$I28-$I26)*1000,0)) | AU28: =IF(OR($I28="",$I27=""),"",ROUND((2*$I28-$I27)*1000,0)) | AW28: =IF(OR($I28="",$I29=""),"",ROUND((2*$I28-$I29)*1000,0)) | AX28: =IF(OR($I28="",$I30=""),"",ROUND((2*$I28-$I30)*1000,0))
B29: 15 | J29: =IF(I29="","",IF(AND(I29>=470,I29<698),INT((I29-470)/6)+14,"–")) | K29: =IF(OR(I29="",COUNT($R29:$AG29)=0),"",MIN($R29:$AG29)) | L29: =IF(K29="","",MATCH(K29,$R29:$AG29,0)) | M29: =IF(I29="","",COUNTIFS($AI$15:$AX$30,">"&ROUND((I29-$L$5)*1000,0),$AI$15:$AX$30,"<"&ROUND((I29+$L$5)*1000,0))-COUNTIFS($AI29:$AX29,">"&ROUND((I29-$L$5)*1000,0),$AI29:$AX29,"<"&ROUND((I29+$L$5)*1000,0))-COUNTIFS(AW$15:AW$30,">"&ROUND((I29-$L$5)*1000,0),AW$15:AW$30,"<"&ROUND((I29+$L$5)*1000,0))) | N29: =IF(I29="",IF(AND(C29<>"",F29="2,4 GHz"),"Automática",""),IF(AND(K29<>"",K29<0.0005),"Repetida",IF(AND(K29<>"",$L$4<>"",K29<$L$4),"Próxima",IF(AND($L$6<>"",$L$7<>"",I29>=$L$6,I29<=$L$7),"Telefonia",IF(AND(I29>=470,I29<698,COUNTIF($E$9:$L$9,INT((I29-470)/6)+14)>0),"TV",IF(M29>0,"Intermod.","OK")))))) | O29: =IF(N29="","",IF(N29="Automática","Sem frequência fixa: o sistema escolhe o canal. Afaste o receptor do roteador Wi-Fi",IF(N29="Repetida","Mesma frequência do sistema nº "&L29&": troque o canal de um dos dois",IF(N29="Próxima","Perto demais do sistema nº "&L29&": afaste as duas frequências",IF(N29="Telefonia","Dentro da faixa a evitar: troque de frequência ou de equipamento",IF(N29="TV","Dentro do canal de TV "&J29&", ativo na cidade: use um canal de TV livre",IF(N29="Intermod.","Há "&M29&" produto(s) de intermodulação perto: troque esta frequência ou use o grupo do fabricante","Manter"))))))) | R29: =IF(OR($I29="",$I15=""),"",ROUND(ABS($I29-$I15),4)) | S29: =IF(OR($I29="",$I16=""),"",ROUND(ABS($I29-$I16),4)) | T29: =IF(OR($I29="",$I17=""),"",ROUND(ABS($I29-$I17),4)) | U29: =IF(OR($I29="",$I18=""),"",ROUND(ABS($I29-$I18),4)) | V29: =IF(OR($I29="",$I19=""),"",ROUND(ABS($I29-$I19),4)) | W29: =IF(OR($I29="",$I20=""),"",ROUND(ABS($I29-$I20),4)) | X29: =IF(OR($I29="",$I21=""),"",ROUND(ABS($I29-$I21),4)) | Y29: =IF(OR($I29="",$I22=""),"",ROUND(ABS($I29-$I22),4)) | Z29: =IF(OR($I29="",$I23=""),"",ROUND(ABS($I29-$I23),4)) | AA29: =IF(OR($I29="",$I24=""),"",ROUND(ABS($I29-$I24),4)) | AB29: =IF(OR($I29="",$I25=""),"",ROUND(ABS($I29-$I25),4)) | AC29: =IF(OR($I29="",$I26=""),"",ROUND(ABS($I29-$I26),4)) | AD29: =IF(OR($I29="",$I27=""),"",ROUND(ABS($I29-$I27),4)) | AE29: =IF(OR($I29="",$I28=""),"",ROUND(ABS($I29-$I28),4)) | AG29: =IF(OR($I29="",$I30=""),"",ROUND(ABS($I29-$I30),4)) | AI29: =IF(OR($I29="",$I15=""),"",ROUND((2*$I29-$I15)*1000,0)) | AJ29: =IF(OR($I29="",$I16=""),"",ROUND((2*$I29-$I16)*1000,0)) | AK29: =IF(OR($I29="",$I17=""),"",ROUND((2*$I29-$I17)*1000,0)) | AL29: =IF(OR($I29="",$I18=""),"",ROUND((2*$I29-$I18)*1000,0)) | AM29: =IF(OR($I29="",$I19=""),"",ROUND((2*$I29-$I19)*1000,0)) | AN29: =IF(OR($I29="",$I20=""),"",ROUND((2*$I29-$I20)*1000,0)) | AO29: =IF(OR($I29="",$I21=""),"",ROUND((2*$I29-$I21)*1000,0)) | AP29: =IF(OR($I29="",$I22=""),"",ROUND((2*$I29-$I22)*1000,0)) | AQ29: =IF(OR($I29="",$I23=""),"",ROUND((2*$I29-$I23)*1000,0)) | AR29: =IF(OR($I29="",$I24=""),"",ROUND((2*$I29-$I24)*1000,0)) | AS29: =IF(OR($I29="",$I25=""),"",ROUND((2*$I29-$I25)*1000,0)) | AT29: =IF(OR($I29="",$I26=""),"",ROUND((2*$I29-$I26)*1000,0)) | AU29: =IF(OR($I29="",$I27=""),"",ROUND((2*$I29-$I27)*1000,0)) | AV29: =IF(OR($I29="",$I28=""),"",ROUND((2*$I29-$I28)*1000,0)) | AX29: =IF(OR($I29="",$I30=""),"",ROUND((2*$I29-$I30)*1000,0))
B30: 16 | J30: =IF(I30="","",IF(AND(I30>=470,I30<698),INT((I30-470)/6)+14,"–")) | K30: =IF(OR(I30="",COUNT($R30:$AG30)=0),"",MIN($R30:$AG30)) | L30: =IF(K30="","",MATCH(K30,$R30:$AG30,0)) | M30: =IF(I30="","",COUNTIFS($AI$15:$AX$30,">"&ROUND((I30-$L$5)*1000,0),$AI$15:$AX$30,"<"&ROUND((I30+$L$5)*1000,0))-COUNTIFS($AI30:$AX30,">"&ROUND((I30-$L$5)*1000,0),$AI30:$AX30,"<"&ROUND((I30+$L$5)*1000,0))-COUNTIFS(AX$15:AX$30,">"&ROUND((I30-$L$5)*1000,0),AX$15:AX$30,"<"&ROUND((I30+$L$5)*1000,0))) | N30: =IF(I30="",IF(AND(C30<>"",F30="2,4 GHz"),"Automática",""),IF(AND(K30<>"",K30<0.0005),"Repetida",IF(AND(K30<>"",$L$4<>"",K30<$L$4),"Próxima",IF(AND($L$6<>"",$L$7<>"",I30>=$L$6,I30<=$L$7),"Telefonia",IF(AND(I30>=470,I30<698,COUNTIF($E$9:$L$9,INT((I30-470)/6)+14)>0),"TV",IF(M30>0,"Intermod.","OK")))))) | O30: =IF(N30="","",IF(N30="Automática","Sem frequência fixa: o sistema escolhe o canal. Afaste o receptor do roteador Wi-Fi",IF(N30="Repetida","Mesma frequência do sistema nº "&L30&": troque o canal de um dos dois",IF(N30="Próxima","Perto demais do sistema nº "&L30&": afaste as duas frequências",IF(N30="Telefonia","Dentro da faixa a evitar: troque de frequência ou de equipamento",IF(N30="TV","Dentro do canal de TV "&J30&", ativo na cidade: use um canal de TV livre",IF(N30="Intermod.","Há "&M30&" produto(s) de intermodulação perto: troque esta frequência ou use o grupo do fabricante","Manter"))))))) | R30: =IF(OR($I30="",$I15=""),"",ROUND(ABS($I30-$I15),4)) | S30: =IF(OR($I30="",$I16=""),"",ROUND(ABS($I30-$I16),4)) | T30: =IF(OR($I30="",$I17=""),"",ROUND(ABS($I30-$I17),4)) | U30: =IF(OR($I30="",$I18=""),"",ROUND(ABS($I30-$I18),4)) | V30: =IF(OR($I30="",$I19=""),"",ROUND(ABS($I30-$I19),4)) | W30: =IF(OR($I30="",$I20=""),"",ROUND(ABS($I30-$I20),4)) | X30: =IF(OR($I30="",$I21=""),"",ROUND(ABS($I30-$I21),4)) | Y30: =IF(OR($I30="",$I22=""),"",ROUND(ABS($I30-$I22),4)) | Z30: =IF(OR($I30="",$I23=""),"",ROUND(ABS($I30-$I23),4)) | AA30: =IF(OR($I30="",$I24=""),"",ROUND(ABS($I30-$I24),4)) | AB30: =IF(OR($I30="",$I25=""),"",ROUND(ABS($I30-$I25),4)) | AC30: =IF(OR($I30="",$I26=""),"",ROUND(ABS($I30-$I26),4)) | AD30: =IF(OR($I30="",$I27=""),"",ROUND(ABS($I30-$I27),4)) | AE30: =IF(OR($I30="",$I28=""),"",ROUND(ABS($I30-$I28),4)) | AF30: =IF(OR($I30="",$I29=""),"",ROUND(ABS($I30-$I29),4)) | AI30: =IF(OR($I30="",$I15=""),"",ROUND((2*$I30-$I15)*1000,0)) | AJ30: =IF(OR($I30="",$I16=""),"",ROUND((2*$I30-$I16)*1000,0)) | AK30: =IF(OR($I30="",$I17=""),"",ROUND((2*$I30-$I17)*1000,0)) | AL30: =IF(OR($I30="",$I18=""),"",ROUND((2*$I30-$I18)*1000,0)) | AM30: =IF(OR($I30="",$I19=""),"",ROUND((2*$I30-$I19)*1000,0)) | AN30: =IF(OR($I30="",$I20=""),"",ROUND((2*$I30-$I20)*1000,0)) | AO30: =IF(OR($I30="",$I21=""),"",ROUND((2*$I30-$I21)*1000,0)) | AP30: =IF(OR($I30="",$I22=""),"",ROUND((2*$I30-$I22)*1000,0)) | AQ30: =IF(OR($I30="",$I23=""),"",ROUND((2*$I30-$I23)*1000,0)) | AR30: =IF(OR($I30="",$I24=""),"",ROUND((2*$I30-$I24)*1000,0)) | AS30: =IF(OR($I30="",$I25=""),"",ROUND((2*$I30-$I25)*1000,0)) | AT30: =IF(OR($I30="",$I26=""),"",ROUND((2*$I30-$I26)*1000,0)) | AU30: =IF(OR($I30="",$I27=""),"",ROUND((2*$I30-$I27)*1000,0)) | AV30: =IF(OR($I30="",$I28=""),"",ROUND((2*$I30-$I28)*1000,0)) | AW30: =IF(OR($I30="",$I29=""),"",ROUND((2*$I30-$I29)*1000,0))
B32: Resumo automático
B33: Sistemas listados | I33: =COUNTA(C15:C30) -> 0
B34: Com frequência informada | I34: =COUNT(I15:I30) -> 0
B35: Sem alerta (OK) | I35: =COUNTIF(N15:N30,"OK") -> 0
B36: Repetidas ou próximas demais | I36: =COUNTIF(N15:N30,"Repetida")+COUNTIF(N15:N30,"Próxima") -> 0
B37: Em canal de TV ativo ou na faixa a evitar | I37: =COUNTIF(N15:N30,"TV")+COUNTIF(N15:N30,"Telefonia") -> 0
B38: Com risco de intermodulação | I38: =COUNTIF(N15:N30,"Intermod.") -> 0
B39: Em 2,4 GHz, com frequência automática | I39: =COUNTIF(N15:N30,"Automática") -> 0
B40: Aviso | I40: =IF(I33+I34=0,"Liste os sistemas e as frequências",IF(I36>0,"Há frequências repetidas ou próximas demais: corrija antes de ligar os transmissores",IF(I37>0,"Há frequência em canal de TV ativo ou na faixa a evitar: troque",IF(I38>0,"Há risco de intermodulação: troque as frequências marcadas ou use o grupo do fabricante","OK")))) -> Liste os sistemas e as frequências
B41: A conferência cobre só os produtos de terceira ordem de dois transmissores (2 × A − B). Ela não substitui os grupos do fabricante, o programa de coordenação nem o teste com todos os transmissores ligados.

Sheet Teste de RF
B1: Teste de RF — sistema por sistema
B2: Os sistemas vêm da aba Plano de frequências. Responda Sim ou Não a cada teste, com o sistema montado no local.
B4: Evento | F4: Teste 1: todos os transmissores desligados, receptores ligados, telão e luz ligados.
B5: Data | F5: Teste 2: todos os transmissores ligados e afastados uns dos outros; desligue um de cada vez e olhe o receptor dele.
B6: Quem testou | F6: Testes 3 a 5: uma pessoa anda por toda a área de uso falando forte; outra olha o receptor e ouve no fone.
B8: Registro dos testes
B9: # | C9: Sistema | D9: Usuário | E9: Frequência | F9: 1. Transmissores desligados: mostra RF? | G9: 2. Só este desligado, os outros ligados: mostra RF? | H9: 3. Caminhada: houve falha? | I9: 4. Antenas A e B recebem? | J9: 5. Pico de áudio acende? | K9: Situação | L9: O que fazer | M9: Observação
C10: do plano | D10: do plano | E10: MHz | F10: esperado: Não | G10: esperado: Não | H10: esperado: Não | I10: esperado: Sim | J10: esperado: Não
B11: 1 | C11: =IF('Plano de frequências'!C15="","",'Plano de frequências'!C15) | D11: =IF('Plano de frequências'!D15="","",'Plano de frequências'!D15) | E11: =IF('Plano de frequências'!I15="","",'Plano de frequências'!I15) | K11: =IF(COUNTA(F11:J11)=0,"",IF(F11="Sim","Interferência",IF(G11="Sim","Intermod.",IF(I11="Não","Antena",IF(H11="Sim","Falha",IF(J11="Sim","Ganho alto",IF(COUNTA(F11:J11)<5,"Incompleto","OK"))))))) | L11: =IF(K11="","",IF(K11="Interferência","Outra emissão na frequência: refaça a varredura e troque o canal",IF(K11="Intermod.","Produto de outros transmissores: refaça o plano com o grupo do fabricante",IF(K11="Antena","Uma antena não recebe: confira conector, cabo e posição",IF(K11="Falha","Dê visada às antenas, aproxime o receptor do palco e repita a caminhada",IF(K11="Ganho alto","Baixe o ganho do transmissor até o pico apagar na voz mais forte",IF(K11="Incompleto","Faça os cinco testes","Manter")))))))
B12: 2 | C12: =IF('Plano de frequências'!C16="","",'Plano de frequências'!C16) | D12: =IF('Plano de frequências'!D16="","",'Plano de frequências'!D16) | E12: =IF('Plano de frequências'!I16="","",'Plano de frequências'!I16) | K12: =IF(COUNTA(F12:J12)=0,"",IF(F12="Sim","Interferência",IF(G12="Sim","Intermod.",IF(I12="Não","Antena",IF(H12="Sim","Falha",IF(J12="Sim","Ganho alto",IF(COUNTA(F12:J12)<5,"Incompleto","OK"))))))) | L12: =IF(K12="","",IF(K12="Interferência","Outra emissão na frequência: refaça a varredura e troque o canal",IF(K12="Intermod.","Produto de outros transmissores: refaça o plano com o grupo do fabricante",IF(K12="Antena","Uma antena não recebe: confira conector, cabo e posição",IF(K12="Falha","Dê visada às antenas, aproxime o receptor do palco e repita a caminhada",IF(K12="Ganho alto","Baixe o ganho do transmissor até o pico apagar na voz mais forte",IF(K12="Incompleto","Faça os cinco testes","Manter")))))))
B13: 3 | C13: =IF('Plano de frequências'!C17="","",'Plano de frequências'!C17) | D13: =IF('Plano de frequências'!D17="","",'Plano de frequências'!D17) | E13: =IF('Plano de frequências'!I17="","",'Plano de frequências'!I17) | K13: =IF(COUNTA(F13:J13)=0,"",IF(F13="Sim","Interferência",IF(G13="Sim","Intermod.",IF(I13="Não","Antena",IF(H13="Sim","Falha",IF(J13="Sim","Ganho alto",IF(COUNTA(F13:J13)<5,"Incompleto","OK"))))))) | L13: =IF(K13="","",IF(K13="Interferência","Outra emissão na frequência: refaça a varredura e troque o canal",IF(K13="Intermod.","Produto de outros transmissores: refaça o plano com o grupo do fabricante",IF(K13="Antena","Uma antena não recebe: confira conector, cabo e posição",IF(K13="Falha","Dê visada às antenas, aproxime o receptor do palco e repita a caminhada",IF(K13="Ganho alto","Baixe o ganho do transmissor até o pico apagar na voz mais forte",IF(K13="Incompleto","Faça os cinco testes","Manter")))))))
B14: 4 | C14: =IF('Plano de frequências'!C18="","",'Plano de frequências'!C18) | D14: =IF('Plano de frequências'!D18="","",'Plano de frequências'!D18) | E14: =IF('Plano de frequências'!I18="","",'Plano de frequências'!I18) | K14: =IF(COUNTA(F14:J14)=0,"",IF(F14="Sim","Interferência",IF(G14="Sim","Intermod.",IF(I14="Não","Antena",IF(H14="Sim","Falha",IF(J14="Sim","Ganho alto",IF(COUNTA(F14:J14)<5,"Incompleto","OK"))))))) | L14: =IF(K14="","",IF(K14="Interferência","Outra emissão na frequência: refaça a varredura e troque o canal",IF(K14="Intermod.","Produto de outros transmissores: refaça o plano com o grupo do fabricante",IF(K14="Antena","Uma antena não recebe: confira conector, cabo e posição",IF(K14="Falha","Dê visada às antenas, aproxime o receptor do palco e repita a caminhada",IF(K14="Ganho alto","Baixe o ganho do transmissor até o pico apagar na voz mais forte",IF(K14="Incompleto","Faça os cinco testes","Manter")))))))
B15: 5 | C15: =IF('Plano de frequências'!C19="","",'Plano de frequências'!C19) | D15: =IF('Plano de frequências'!D19="","",'Plano de frequências'!D19) | E15: =IF('Plano de frequências'!I19="","",'Plano de frequências'!I19) | K15: =IF(COUNTA(F15:J15)=0,"",IF(F15="Sim","Interferência",IF(G15="Sim","Intermod.",IF(I15="Não","Antena",IF(H15="Sim","Falha",IF(J15="Sim","Ganho alto",IF(COUNTA(F15:J15)<5,"Incompleto","OK"))))))) | L15: =IF(K15="","",IF(K15="Interferência","Outra emissão na frequência: refaça a varredura e troque o canal",IF(K15="Intermod.","Produto de outros transmissores: refaça o plano com o grupo do fabricante",IF(K15="Antena","Uma antena não recebe: confira conector, cabo e posição",IF(K15="Falha","Dê visada às antenas, aproxime o receptor do palco e repita a caminhada",IF(K15="Ganho alto","Baixe o ganho do transmissor até o pico apagar na voz mais forte",IF(K15="Incompleto","Faça os cinco testes","Manter")))))))
B16: 6 | C16: =IF('Plano de frequências'!C20="","",'Plano de frequências'!C20) | D16: =IF('Plano de frequências'!D20="","",'Plano de frequências'!D20) | E16: =IF('Plano de frequências'!I20="","",'Plano de frequências'!I20) | K16: =IF(COUNTA(F16:J16)=0,"",IF(F16="Sim","Interferência",IF(G16="Sim","Intermod.",IF(I16="Não","Antena",IF(H16="Sim","Falha",IF(J16="Sim","Ganho alto",IF(COUNTA(F16:J16)<5,"Incompleto","OK"))))))) | L16: =IF(K16="","",IF(K16="Interferência","Outra emissão na frequência: refaça a varredura e troque o canal",IF(K16="Intermod.","Produto de outros transmissores: refaça o plano com o grupo do fabricante",IF(K16="Antena","Uma antena não recebe: confira conector, cabo e posição",IF(K16="Falha","Dê visada às antenas, aproxime o receptor do palco e repita a caminhada",IF(K16="Ganho alto","Baixe o ganho do transmissor até o pico apagar na voz mais forte",IF(K16="Incompleto","Faça os cinco testes","Manter")))))))
B17: 7 | C17: =IF('Plano de frequências'!C21="","",'Plano de frequências'!C21) | D17: =IF('Plano de frequências'!D21="","",'Plano de frequências'!D21) | E17: =IF('Plano de frequências'!I21="","",'Plano de frequências'!I21) | K17: =IF(COUNTA(F17:J17)=0,"",IF(F17="Sim","Interferência",IF(G17="Sim","Intermod.",IF(I17="Não","Antena",IF(H17="Sim","Falha",IF(J17="Sim","Ganho alto",IF(COUNTA(F17:J17)<5,"Incompleto","OK"))))))) | L17: =IF(K17="","",IF(K17="Interferência","Outra emissão na frequência: refaça a varredura e troque o canal",IF(K17="Intermod.","Produto de outros transmissores: refaça o plano com o grupo do fabricante",IF(K17="Antena","Uma antena não recebe: confira conector, cabo e posição",IF(K17="Falha","Dê visada às antenas, aproxime o receptor do palco e repita a caminhada",IF(K17="Ganho alto","Baixe o ganho do transmissor até o pico apagar na voz mais forte",IF(K17="Incompleto","Faça os cinco testes","Manter")))))))
B18: 8 | C18: =IF('Plano de frequências'!C22="","",'Plano de frequências'!C22) | D18: =IF('Plano de frequências'!D22="","",'Plano de frequências'!D22) | E18: =IF('Plano de frequências'!I22="","",'Plano de frequências'!I22) | K18: =IF(COUNTA(F18:J18)=0,"",IF(F18="Sim","Interferência",IF(G18="Sim","Intermod.",IF(I18="Não","Antena",IF(H18="Sim","Falha",IF(J18="Sim","Ganho alto",IF(COUNTA(F18:J18)<5,"Incompleto","OK"))))))) | L18: =IF(K18="","",IF(K18="Interferência","Outra emissão na frequência: refaça a varredura e troque o canal",IF(K18="Intermod.","Produto de outros transmissores: refaça o plano com o grupo do fabricante",IF(K18="Antena","Uma antena não recebe: confira conector, cabo e posição",IF(K18="Falha","Dê visada às antenas, aproxime o receptor do palco e repita a caminhada",IF(K18="Ganho alto","Baixe o ganho do transmissor até o pico apagar na voz mais forte",IF(K18="Incompleto","Faça os cinco testes","Manter")))))))
B19: 9 | C19: =IF('Plano de frequências'!C23="","",'Plano de frequências'!C23) | D19: =IF('Plano de frequências'!D23="","",'Plano de frequências'!D23) | E19: =IF('Plano de frequências'!I23="","",'Plano de frequências'!I23) | K19: =IF(COUNTA(F19:J19)=0,"",IF(F19="Sim","Interferência",IF(G19="Sim","Intermod.",IF(I19="Não","Antena",IF(H19="Sim","Falha",IF(J19="Sim","Ganho alto",IF(COUNTA(F19:J19)<5,"Incompleto","OK"))))))) | L19: =IF(K19="","",IF(K19="Interferência","Outra emissão na frequência: refaça a varredura e troque o canal",IF(K19="Intermod.","Produto de outros transmissores: refaça o plano com o grupo do fabricante",IF(K19="Antena","Uma antena não recebe: confira conector, cabo e posição",IF(K19="Falha","Dê visada às antenas, aproxime o receptor do palco e repita a caminhada",IF(K19="Ganho alto","Baixe o ganho do transmissor até o pico apagar na voz mais forte",IF(K19="Incompleto","Faça os cinco testes","Manter")))))))
B20: 10 | C20: =IF('Plano de frequências'!C24="","",'Plano de frequências'!C24) | D20: =IF('Plano de frequências'!D24="","",'Plano de frequências'!D24) | E20: =IF('Plano de frequências'!I24="","",'Plano de frequências'!I24) | K20: =IF(COUNTA(F20:J20)=0,"",IF(F20="Sim","Interferência",IF(G20="Sim","Intermod.",IF(I20="Não","Antena",IF(H20="Sim","Falha",IF(J20="Sim","Ganho alto",IF(COUNTA(F20:J20)<5,"Incompleto","OK"))))))) | L20: =IF(K20="","",IF(K20="Interferência","Outra emissão na frequência: refaça a varredura e troque o canal",IF(K20="Intermod.","Produto de outros transmissores: refaça o plano com o grupo do fabricante",IF(K20="Antena","Uma antena não recebe: confira conector, cabo e posição",IF(K20="Falha","Dê visada às antenas, aproxime o receptor do palco e repita a caminhada",IF(K20="Ganho alto","Baixe o ganho do transmissor até o pico apagar na voz mais forte",IF(K20="Incompleto","Faça os cinco testes","Manter")))))))
B21: 11 | C21: =IF('Plano de frequências'!C25="","",'Plano de frequências'!C25) | D21: =IF('Plano de frequências'!D25="","",'Plano de frequências'!D25) | E21: =IF('Plano de frequências'!I25="","",'Plano de frequências'!I25) | K21: =IF(COUNTA(F21:J21)=0,"",IF(F21="Sim","Interferência",IF(G21="Sim","Intermod.",IF(I21="Não","Antena",IF(H21="Sim","Falha",IF(J21="Sim","Ganho alto",IF(COUNTA(F21:J21)<5,"Incompleto","OK"))))))) | L21: =IF(K21="","",IF(K21="Interferência","Outra emissão na frequência: refaça a varredura e troque o canal",IF(K21="Intermod.","Produto de outros transmissores: refaça o plano com o grupo do fabricante",IF(K21="Antena","Uma antena não recebe: confira conector, cabo e posição",IF(K21="Falha","Dê visada às antenas, aproxime o receptor do palco e repita a caminhada",IF(K21="Ganho alto","Baixe o ganho do transmissor até o pico apagar na voz mais forte",IF(K21="Incompleto","Faça os cinco testes","Manter")))))))
B22: 12 | C22: =IF('Plano de frequências'!C26="","",'Plano de frequências'!C26) | D22: =IF('Plano de frequências'!D26="","",'Plano de frequências'!D26) | E22: =IF('Plano de frequências'!I26="","",'Plano de frequências'!I26) | K22: =IF(COUNTA(F22:J22)=0,"",IF(F22="Sim","Interferência",IF(G22="Sim","Intermod.",IF(I22="Não","Antena",IF(H22="Sim","Falha",IF(J22="Sim","Ganho alto",IF(COUNTA(F22:J22)<5,"Incompleto","OK"))))))) | L22: =IF(K22="","",IF(K22="Interferência","Outra emissão na frequência: refaça a varredura e troque o canal",IF(K22="Intermod.","Produto de outros transmissores: refaça o plano com o grupo do fabricante",IF(K22="Antena","Uma antena não recebe: confira conector, cabo e posição",IF(K22="Falha","Dê visada às antenas, aproxime o receptor do palco e repita a caminhada",IF(K22="Ganho alto","Baixe o ganho do transmissor até o pico apagar na voz mais forte",IF(K22="Incompleto","Faça os cinco testes","Manter")))))))
... B26: 16 | C26: =IF('Plano de frequências'!C30="","",'Plano de frequências'!C30) | D26: =IF('Plano de frequências'!D30="","",'Plano de frequências'!D30) | E26: =IF('Plano de frequências'!I30="","",'Plano de frequências'!I30) | K26: =IF(COUNTA(F26:J26)=0,"",IF(F26="Sim","Interferência",IF(G26="Sim","Intermod.",IF(I26="Não","Antena",IF(H26="Sim","Falha",IF(J26="Sim","Ganho alto",IF(COUNTA(F26:J26)<5,"Incompleto","OK"))))))) | L26: =IF(K26="","",IF(K26="Interferência","Outra emissão na frequência: refaça a varredura e troque o canal",IF(K26="Intermod.","Produto de outros transmissores: refaça o plano com o grupo do fabricante",IF(K26="Antena","Uma antena não recebe: confira conector, cabo e posição",IF(K26="Falha","Dê visada às antenas, aproxime o receptor do palco e repita a caminhada",IF(K26="Ganho alto","Baixe o ganho do transmissor até o pico apagar na voz mais forte",IF(K26="Incompleto","Faça os cinco testes","Manter")))))))
B28: Resumo automático
B29: Sistemas no plano | F29: =COUNTA('Plano de frequências'!C15:C30) -> 0
B30: Testados e OK | F30: =COUNTIF(K11:K26,"OK") -> 0
B31: Com problema | F31: =COUNTIF(K11:K26,"Interferência")+COUNTIF(K11:K26,"Intermod.")+COUNTIF(K11:K26,"Antena")+COUNTIF(K11:K26,"Falha")+COUNTIF(K11:K26,"Ganho alto") -> 0
B32: Com teste incompleto | F32: =COUNTIF(K11:K26,"Incompleto") -> 0
B33: Aviso | F33: =IF(F29=0,"Preencha primeiro a aba Plano de frequências",IF(F31>0,"Há sistema com problema: corrija e repita o teste",IF(F30<F29,"Há sistema sem teste completo","OK"))) -> Preencha primeiro a aba Plano de frequências

Sheet Pilhas e baterias
B1: Pilhas e baterias — controle por transmissor
B2: Anote a autonomia e o tempo de uso de cada transmissor. A planilha diz se a carga chega ao fim do evento com margem.
B4: Evento | F4: Horas ligado no evento (passagem + evento) | K4: 4 | L4: Conte desde a hora em que o transmissor é ligado para a passagem de som.
B5: Data | F5: Fator de margem | K5: 1.5 | L5: A carga restante deve cobrir as horas do evento vezes este fator. Regra prática deste material.
B6: Responsável | F6: Pilha recarregável antiga dura menos que o manual diz: meça a autonomia real em um ensaio e use esse valor.
B8: Controle de pilhas e baterias
B9: # | C9: Transmissor ou usuário | D9: Tipo de pilha | E9: Qtde | F9: Autonomia | G9: Nova ou carga completa? | H9: Horas já usadas | I9: Horas neste evento | J9: Carga restante | K9: Folga | L9: Situação | M9: O que fazer | N9: Última troca ou carga | O9: Observação
B10: nº | E10: por aparelho | F10: horas | G10: Sim / Não | H10: desde a troca | I10: vazio: valor do alto | J10: horas | K10: horas | N10: data
B11: Ex. | C11: Headset do pastor | D11: Alcalina | E11: 2 | F11: 8 | G11: Não | H11: 3 | J11: 5 | K11: 1 | L11: Atenção | M11: Chega ao fim, mas sem a margem: troque ou deixe a reserva ao lado
B12: 1 | J12: =IF(OR(F12="",AND(G12<>"Sim",H12="")),"",MAX(0,F12-IF(G12="Sim",0,H12))) | K12: =IF(OR(J12="",IF(I12="",$K$4,I12)=""),"",J12-IF(I12="",$K$4,I12)) | L12: =IF(AND(C12="",F12=""),"",IF(OR(J12="",K12=""),"Sem dados",IF(K12<0,"Trocar",IF(J12<IF(I12="",$K$4,I12)*$K$5,"Atenção","OK")))) | M12: =IF(L12="","",IF(L12="Sem dados","Informe a autonomia e as horas já usadas",IF(L12="Trocar","Não chega ao fim do evento: troque ou recarregue agora",IF(L12="Atenção","Chega ao fim, mas sem a margem: troque ou deixe a reserva ao lado","Manter"))))
B13: 2 | J13: =IF(OR(F13="",AND(G13<>"Sim",H13="")),"",MAX(0,F13-IF(G13="Sim",0,H13))) | K13: =IF(OR(J13="",IF(I13="",$K$4,I13)=""),"",J13-IF(I13="",$K$4,I13)) | L13: =IF(AND(C13="",F13=""),"",IF(OR(J13="",K13=""),"Sem dados",IF(K13<0,"Trocar",IF(J13<IF(I13="",$K$4,I13)*$K$5,"Atenção","OK")))) | M13: =IF(L13="","",IF(L13="Sem dados","Informe a autonomia e as horas já usadas",IF(L13="Trocar","Não chega ao fim do evento: troque ou recarregue agora",IF(L13="Atenção","Chega ao fim, mas sem a margem: troque ou deixe a reserva ao lado","Manter"))))
B14: 3 | J14: =IF(OR(F14="",AND(G14<>"Sim",H14="")),"",MAX(0,F14-IF(G14="Sim",0,H14))) | K14: =IF(OR(J14="",IF(I14="",$K$4,I14)=""),"",J14-IF(I14="",$K$4,I14)) | L14: =IF(AND(C14="",F14=""),"",IF(OR(J14="",K14=""),"Sem dados",IF(K14<0,"Trocar",IF(J14<IF(I14="",$K$4,I14)*$K$5,"Atenção","OK")))) | M14: =IF(L14="","",IF(L14="Sem dados","Informe a autonomia e as horas já usadas",IF(L14="Trocar","Não chega ao fim do evento: troque ou recarregue agora",IF(L14="Atenção","Chega ao fim, mas sem a margem: troque ou deixe a reserva ao lado","Manter"))))
B15: 4 | J15: =IF(OR(F15="",AND(G15<>"Sim",H15="")),"",MAX(0,F15-IF(G15="Sim",0,H15))) | K15: =IF(OR(J15="",IF(I15="",$K$4,I15)=""),"",J15-IF(I15="",$K$4,I15)) | L15: =IF(AND(C15="",F15=""),"",IF(OR(J15="",K15=""),"Sem dados",IF(K15<0,"Trocar",IF(J15<IF(I15="",$K$4,I15)*$K$5,"Atenção","OK")))) | M15: =IF(L15="","",IF(L15="Sem dados","Informe a autonomia e as horas já usadas",IF(L15="Trocar","Não chega ao fim do evento: troque ou recarregue agora",IF(L15="Atenção","Chega ao fim, mas sem a margem: troque ou deixe a reserva ao lado","Manter"))))
B16: 5 | J16: =IF(OR(F16="",AND(G16<>"Sim",H16="")),"",MAX(0,F16-IF(G16="Sim",0,H16))) | K16: =IF(OR(J16="",IF(I16="",$K$4,I16)=""),"",J16-IF(I16="",$K$4,I16)) | L16: =IF(AND(C16="",F16=""),"",IF(OR(J16="",K16=""),"Sem dados",IF(K16<0,"Trocar",IF(J16<IF(I16="",$K$4,I16)*$K$5,"Atenção","OK")))) | M16: =IF(L16="","",IF(L16="Sem dados","Informe a autonomia e as horas já usadas",IF(L16="Trocar","Não chega ao fim do evento: troque ou recarregue agora",IF(L16="Atenção","Chega ao fim, mas sem a margem: troque ou deixe a reserva ao lado","Manter"))))
B17: 6 | J17: =IF(OR(F17="",AND(G17<>"Sim",H17="")),"",MAX(0,F17-IF(G17="Sim",0,H17))) | K17: =IF(OR(J17="",IF(I17="",$K$4,I17)=""),"",J17-IF(I17="",$K$4,I17)) | L17: =IF(AND(C17="",F17=""),"",IF(OR(J17="",K17=""),"Sem dados",IF(K17<0,"Trocar",IF(J17<IF(I17="",$K$4,I17)*$K$5,"Atenção","OK")))) | M17: =IF(L17="","",IF(L17="Sem dados","Informe a autonomia e as horas já usadas",IF(L17="Trocar","Não chega ao fim do evento: troque ou recarregue agora",IF(L17="Atenção","Chega ao fim, mas sem a margem: troque ou deixe a reserva ao lado","Manter"))))
B18: 7 | J18: =IF(OR(F18="",AND(G18<>"Sim",H18="")),"",MAX(0,F18-IF(G18="Sim",0,H18))) | K18: =IF(OR(J18="",IF(I18="",$K$4,I18)=""),"",J18-IF(I18="",$K$4,I18)) | L18: =IF(AND(C18="",F18=""),"",IF(OR(J18="",K18=""),"Sem dados",IF(K18<0,"Trocar",IF(J18<IF(I18="",$K$4,I18)*$K$5,"Atenção","OK")))) | M18: =IF(L18="","",IF(L18="Sem dados","Informe a autonomia e as horas já usadas",IF(L18="Trocar","Não chega ao fim do evento: troque ou recarregue agora",IF(L18="Atenção","Chega ao fim, mas sem a margem: troque ou deixe a reserva ao lado","Manter"))))
B19: 8 | J19: =IF(OR(F19="",AND(G19<>"Sim",H19="")),"",MAX(0,F19-IF(G19="Sim",0,H19))) | K19: =IF(OR(J19="",IF(I19="",$K$4,I19)=""),"",J19-IF(I19="",$K$4,I19)) | L19: =IF(AND(C19="",F19=""),"",IF(OR(J19="",K19=""),"Sem dados",IF(K19<0,"Trocar",IF(J19<IF(I19="",$K$4,I19)*$K$5,"Atenção","OK")))) | M19: =IF(L19="","",IF(L19="Sem dados","Informe a autonomia e as horas já usadas",IF(L19="Trocar","Não chega ao fim do evento: troque ou recarregue agora",IF(L19="Atenção","Chega ao fim, mas sem a margem: troque ou deixe a reserva ao lado","Manter"))))
B20: 9 | J20: =IF(OR(F20="",AND(G20<>"Sim",H20="")),"",MAX(0,F20-IF(G20="Sim",0,H20))) | K20: =IF(OR(J20="",IF(I20="",$K$4,I20)=""),"",J20-IF(I20="",$K$4,I20)) | L20: =IF(AND(C20="",F20=""),"",IF(OR(J20="",K20=""),"Sem dados",IF(K20<0,"Trocar",IF(J20<IF(I20="",$K$4,I20)*$K$5,"Atenção","OK")))) | M20: =IF(L20="","",IF(L20="Sem dados","Informe a autonomia e as horas já usadas",IF(L20="Trocar","Não chega ao fim do evento: troque ou recarregue agora",IF(L20="Atenção","Chega ao fim, mas sem a margem: troque ou deixe a reserva ao lado","Manter"))))
B21: 10 | J21: =IF(OR(F21="",AND(G21<>"Sim",H21="")),"",MAX(0,F21-IF(G21="Sim",0,H21))) | K21: =IF(OR(J21="",IF(I21="",$K$4,I21)=""),"",J21-IF(I21="",$K$4,I21)) | L21: =IF(AND(C21="",F21=""),"",IF(OR(J21="",K21=""),"Sem dados",IF(K21<0,"Trocar",IF(J21<IF(I21="",$K$4,I21)*$K$5,"Atenção","OK")))) | M21: =IF(L21="","",IF(L21="Sem dados","Informe a autonomia e as horas já usadas",IF(L21="Trocar","Não chega ao fim do evento: troque ou recarregue agora",IF(L21="Atenção","Chega ao fim, mas sem a margem: troque ou deixe a reserva ao lado","Manter"))))
B22: 11 | J22: =IF(OR(F22="",AND(G22<>"Sim",H22="")),"",MAX(0,F22-IF(G22="Sim",0,H22))) | K22: =IF(OR(J22="",IF(I22="",$K$4,I22)=""),"",J22-IF(I22="",$K$4,I22)) | L22: =IF(AND(C22="",F22=""),"",IF(OR(J22="",K22=""),"Sem dados",IF(K22<0,"Trocar",IF(J22<IF(I22="",$K$4,I22)*$K$5,"Atenção","OK")))) | M22: =IF(L22="","",IF(L22="Sem dados","Informe a autonomia e as horas já usadas",IF(L22="Trocar","Não chega ao fim do evento: troque ou recarregue agora",IF(L22="Atenção","Chega ao fim, mas sem a margem: troque ou deixe a reserva ao lado","Manter"))))
B23: 12 | J23: =IF(OR(F23="",AND(G23<>"Sim",H23="")),"",MAX(0,F23-IF(G23="Sim",0,H23))) | K23: =IF(OR(J23="",IF(I23="",$K$4,I23)=""),"",J23-IF(I23="",$K$4,I23)) | L23: =IF(AND(C23="",F23=""),"",IF(OR(J23="",K23=""),"Sem dados",IF(K23<0,"Trocar",IF(J23<IF(I23="",$K$4,I23)*$K$5,"Atenção","OK")))) | M23: =IF(L23="","",IF(L23="Sem dados","Informe a autonomia e as horas já usadas",IF(L23="Trocar","Não chega ao fim do evento: troque ou recarregue agora",IF(L23="Atenção","Chega ao fim, mas sem a margem: troque ou deixe a reserva ao lado","Manter"))))
... B27: 16 | J27: =IF(OR(F27="",AND(G27<>"Sim",H27="")),"",MAX(0,F27-IF(G27="Sim",0,H27))) | K27: =IF(OR(J27="",IF(I27="",$K$4,I27)=""),"",J27-IF(I27="",$K$4,I27)) | L27: =IF(AND(C27="",F27=""),"",IF(OR(J27="",K27=""),"Sem dados",IF(K27<0,"Trocar",IF(J27<IF(I27="",$K$4,I27)*$K$5,"Atenção","OK")))) | M27: =IF(L27="","",IF(L27="Sem dados","Informe a autonomia e as horas já usadas",IF(L27="Trocar","Não chega ao fim do evento: troque ou recarregue agora",IF(L27="Atenção","Chega ao fim, mas sem a margem: troque ou deixe a reserva ao lado","Manter"))))
B29: Resumo automático
B30: Transmissores listados | F30: =COUNTA(C12:C27) -> 0
B31: Com carga e margem (OK) | F31: =COUNTIF(L12:L27,"OK") -> 0
B32: Sem a margem (Atenção) | F32: =COUNTIF(L12:L27,"Atenção") -> 0
B33: A trocar ou recarregar | F33: =COUNTIF(L12:L27,"Trocar") -> 0
B34: Pilhas a separar para troca e reserva | F34: =SUMIF(L12:L27,"Trocar",E12:E27)+SUMIF(L12:L27,"Atenção",E12:E27) -> 0
B35: Aviso | F35: =IF(F30=0,"Liste os transmissores",IF(F33>0,"Há transmissor que não chega ao fim do evento: troque agora",IF(COUNTIF(L12:L27,"Sem dados")>0,"Há transmissor sem dados de carga",IF(F32>0,"Há transmissor sem a margem: tenha reservas à mão","OK")))) -> Liste os transmissores

Sheet Referência
B1: Referência — valores típicos
B2: Valores de referência, para servir de ponto de partida. Confira o manual do seu equipamento.
B4: Faixas de operação
B5: Faixa | C5: Frequências típicas | D5: Ponto forte | E5: Cuidado
B6: VHF | C6: 174 a 216 MHz | D6: Custo baixo; a onda longa contorna melhor os obstáculos | E6: Poucas frequências, muitas vezes fixas. Mais sujeita a ruído elétrico. Poucos sistemas juntos.
B7: UHF | C7: 470 a 698 MHz | D7: Muitas frequências; é a faixa dos sistemas profissionais | E7: Divide o espaço com a TV digital: os canais livres mudam de cidade para cidade.
B8: Faixa de 700 MHz | C8: 698 a 806 MHz | D8: – | E8: Usada pela telefonia móvel no Brasil. Não use equipamento antigo dessa faixa.
B9: 2,4 GHz | C9: 2.400 a 2.483,5 MHz | D9: Escolhe o canal sozinho; uso liberado em quase todo o mundo | E9: Divide o espaço com Wi-Fi e Bluetooth. Alcance menor. Em geral, de 4 a 8 sistemas juntos.
B11: Coordenação: valores de partida
B12: Regra | C12: Valor de partida | D12: Depende de | E12: Observação
B13: Distância entre duas frequências | C13: 0,3 a 0,4 MHz ou mais | D13: modelo; digitais aceitam menos | E13: Nunca duas frequências iguais. O manual do sistema dá o valor mínimo.
B14: Distância de um produto 2 × A − B | C14: 0,1 MHz ou mais | D14: qualidade do receptor | E14: Espaçamento igual entre três frequências coloca o produto em cima da terceira.
B15: Canal de TV digital ativo | C15: fora dos 6 MHz inteiros | D15: cidade | E15: O canal 14 vai de 470 a 476 MHz; cada canal seguinte fica 6 MHz acima.
B16: Sistemas da mesma linha | C16: mesmo grupo, canais diferentes | D16: fabricante | E16: Grupos de linhas ou de marcas diferentes não combinam entre si.
B17: Transmissores de in-ear | C17: bloco próprio, a alguns MHz | D17: fabricante | E17: Entram no mesmo plano. As antenas deles ficam longe das antenas dos receptores.
B19: Antenas e posição
B20: Item | C20: Valor de partida | D20: Por quê | E20: Observação
B21: Visada | C21: antena à vista do transmissor | D21: o corpo e o metal barram o rádio | E21: Antenas acima da cabeça do público: 2 m de altura ou mais.
B22: Transmissor até a antena | C22: de 3 m a cerca de 30 m | D22: perto demais satura; longe demais falha | E22: O alcance do manual vale em campo aberto. Em sala cheia, conte com bem menos.
B23: Antenas do receptor | C23: em V, abertas a 45° cada | D23: diversidade | E23: Sem encostar uma na outra nem em metal. Nunca dentro de rack fechado.
B24: Antenas remotas | C24: afastadas pelo menos 30 a 50 cm | D24: diversidade | E24: Cabo coaxial de 50 ohms, o mais curto possível.
B25: Cabo de antena fino (tipo RG-58) | C25: perde de 0,3 a 0,5 dB por metro | D25: frequência e cabo | E25: Em UHF. Dez metros perdem de 3 a 5 dB. Cabo de baixa perda: 0,1 a 0,2 dB por metro. Prefira esticar o cabo de áudio.
B26: Fontes de ruído | C26: a 1 ou 2 m, no mínimo | D26: ruído de rádio em banda larga | E26: Telão de LED, processador de vídeo, computador, roteador, mesa digital, fontes chaveadas.
B28: Pilhas e baterias
B29: Tipo | C29: Autonomia típica | D29: Medidor do transmissor | E29: Observação
B30: Alcalina AA | C30: 6 a 14 h, conforme o transmissor | D30: confiável | E30: Nova a cada evento importante. As usadas ficam para os ensaios.
B31: NiMH recarregável AA | C31: parecida quando nova; cai com a idade | D31: marca menos e cai de repente | E31: Escolha o tipo de pilha no menu do transmissor, se houver. Par da mesma idade.
B32: Bateria de lítio do fabricante | C32: 8 h ou mais | D32: preciso, muitas vezes em horas | E32: Use só o carregador do sistema.
B33: 9 V (transmissores antigos) | C33: 4 a 8 h com alcalina | D33: confiável com alcalina | E33: A recarregável de 9 V dura bem menos.
B35: Sintoma e causa provável
B36: Sintoma | C36: Causa provável | D36: Primeiro teste | E36: O que fazer
B37: Queda rápida quando a pessoa anda | C37: ponto surdo ou corpo na frente | D37: olhar o RF durante a caminhada | E37: Dar visada às antenas e aproximar o receptor do palco.
B38: Ruído com o transmissor desligado | C38: outra emissão na frequência | D38: desligar o transmissor e olhar o RF | E38: Nova varredura e troca de canal. Conferir squelch e tom piloto.
B39: Falha quando outro microfone liga | C39: frequências próximas ou intermodulação | D39: desligar os transmissores um a um | E39: Refazer o plano com o grupo do fabricante.
B40: Alcance curto em todo lugar | C40: canal de TV, antena ou cabo | D40: trocar de frequência e conferir as antenas | E40: Sair do canal de TV; tirar as antenas do rack.
B41: Distorção nas partes fortes | C41: ganho do transmissor alto | D41: olhar o pico de áudio do receptor | E41: Baixar o ganho do transmissor. Depois, refazer o ganho da mesa.
B42: Chiado de fundo constante | C42: ganho do transmissor baixo ou RF fraco | D42: olhar os medidores de AF e de RF | E42: Subir o ganho do transmissor; conferir a saída mic ou linha.
B43: Some depois de uma ou duas horas | C43: pilha | D43: olhar o indicador e as horas de uso | E43: Trocar a pilha. Controlar as horas na planilha.
B44: Faixas e valores típicos, que variam com o fabricante, o modelo e o local. As regras de uso do espectro mudam: confira a regulamentação vigente e o manual do seu equipamento.

Sheet Checklist
B1: Checklist de RF
B2: Confira na montagem, antes de abrir as portas. Escolha a situação de cada item na lista suspensa.
B4: # | C4: Grupo | D4: Item | E4: Situação | F4: Observação
B5: 1 | C5: Pilhas | D5: Todos os transmissores têm pilhas novas ou baterias com carga completa, e há reservas ao lado da mesa.
B6: 2 | C6: Antenas | D6: Os receptores estão perto do palco, com as antenas à vista da área de uso e fora de rack fechado.
B7: 3 | C7: Antenas | D7: As antenas estão em V, sem encostar em metal nem uma na outra, longe de telão de LED, computador e roteador.
B8: 4 | C8: Frequências | D8: A varredura foi feita com os transmissores desligados e com telão, luz e demais equipamentos ligados.
B9: 5 | C9: Frequências | D9: Os sistemas da mesma linha usam o mesmo grupo, cada um em um canal diferente.
B10: 6 | C10: Frequências | D10: Nenhuma frequência se repete, fica perto demais de outra ou cai em canal de TV ativo: a planilha não mostra alerta.
B11: 7 | C11: Frequências | D11: Cada transmissor foi sincronizado com o seu receptor e identificado com o nome de quem usa.
B12: 8 | C12: Frequências | D12: Com todos ligados, desligar um transmissor de cada vez deixa o receptor dele sem RF.
B13: 9 | C13: Áudio | D13: O ganho de cada transmissor foi ajustado com a voz mais forte do evento, sem acender o pico.
B14: 10 | C14: Áudio | D14: A saída do receptor (mic ou linha) combina com a entrada da mesa, e o ganho do canal foi ajustado.
B15: 11 | C15: Teste | D15: O teste de caminhada cobriu toda a área de uso, sem falhas.
B16: 12 | C16: Plano B | D16: Há um microfone com fio ligado, testado e fechado na mesa, e a equipe sabe quem o leva ao palco.
B18: Itens respondidos | E18: =COUNTA(E5:E16) -> 0
B19: Percentual atendido (Parcial vale metade) | E19: =IF(COUNTA(E5:E16)=0,"",(COUNTIF(E5:E16,"Sim")+COUNTIF(E5:E16,"Parcial")/2)/COUNTA(E5:E16))
B20: Situação | E20: =IF(COUNTA(E5:E16)<12,"Incompleto",IF(COUNTIF(E5:E16,"Não")=0,"OK","Há itens a resolver")) -> Incompleto

Sheet Exemplo - Plano
B1: Plano de frequências — microfones sem fio
B2: Exemplo preenchido, para consulta. Use a aba Plano de frequências para o seu evento.
R3: Lista de faixas
B4: Evento | D4: Culto de domingo, 19 h | G4: Distância mínima entre frequências (MHz) | L4: 0.35 | M4: Ponto de partida para sistemas analógicos. O manual do seu sistema dá o valor certo. | R4: VHF
B5: Local | D5: Igreja de 200 lugares | G5: Margem de intermodulação (MHz) | L5: 0.1 | M5: Distância mínima entre uma frequência e um produto do tipo 2 × A − B. | R5: UHF
B6: Data | D6: 46299 | G6: Faixa a evitar: de (MHz) | L6: 698 | M6: Faixa da telefonia móvel no Brasil. Confira a regulamentação vigente no seu local. | R6: 2,4 GHz
B7: Responsável | D7: Operador de som da escala | G7: Faixa a evitar: até (MHz) | L7: 806 | M7: Deixe as duas células em branco se não quiser esta conferência. | R7: Outra
B9: Canais de TV digital ativos na cidade | E9: 18 | F9: 22 | G9: 27 | H9: 33 | M9: Canal físico (de RF), de 14 a 51: não é o número que aparece na TV. Até oito canais.
B11: Plano de frequências
B12: # | C12: Sistema (receptor) | D12: Usuário ou função | E12: Transmissor | F12: Faixa | G12: Grupo | H12: Canal | I12: Frequência | J12: Canal de TV | K12: Menor distância | L12: Do sistema | M12: Produtos perto | N12: Situação | O12: O que fazer | P12: Observação | R12: Cálculo auxiliar (não altere): distância entre os sistemas, em MHz | AI12: Cálculo auxiliar (não altere): produtos 2 × A − B, em kHz (A na linha, B na coluna)
B13: nº | C13: modelo ou etiqueta | D13: quem usa | E13: tipo | G13: do visor | H13: do visor | I13: MHz | J13: 6 MHz cada | K13: MHz | L13: nº | M13: intermod. | R13: 1 | S13: 2 | T13: 3 | U13: 4 | V13: 5 | W13: 6 | X13: 7 | Y13: 8 | Z13: 9 | AA13: 10 | AB13: 11 | AC13: 12 | AD13: 13 | AE13: 14 | AF13: 15 | AG13: 16 | AI13: 1 | AJ13: 2 | AK13: 3 | AL13: 4 | AM13: 5 | AN13: 6 | AO13: 7 | AP13: 8 | AQ13: 9 | AR13: 10 | AS13: 11 | AT13: 12 | AU13: 13 | AV13: 14 | AW13: 15 | AX13: 16
B14: Frequências escolhidas à mão, de 0,5 em 0,5 MHz, antes da correção. As colunas de J a O são calculadas.
B15: 1 | C15: Receptor 1 (linha A) | D15: Pastor | E15: Headset | F15: UHF | I15: 530 | J15: =IF(I15="","",IF(AND(I15>=470,I15<698),INT((I15-470)/6)+14,"–")) -> 24 | K15: =IF(OR(I15="",COUNT($R15:$AG15)=0),"",MIN($R15:$AG15)) -> 0.5 | L15: =IF(K15="","",MATCH(K15,$R15:$AG15,0)) -> 2 | M15: =IF(I15="","",COUNTIFS($AI$15:$AX$30,">"&ROUND((I15-$L$5)*1000,0),$AI$15:$AX$30,"<"&ROUND((I15+$L$5)*1000,0))-COUNTIFS($AI15:$AX15,">"&ROUND((I15-$L$5)*1000,0),$AI15:$AX15,"<"&ROUND((I15+$L$5)*1000,0))-COUNTIFS(AI$15:AI$30,">"&ROUND((I15-$L$5)*1000,0),AI$15:AI$30,"<"&ROUND((I15+$L$5)*1000,0))) -> 1 | N15: =IF(I15="",IF(AND(C15<>"",F15="2,4 GHz"),"Automática",""),IF(AND(K15<>"",K15<0.0005),"Repetida",IF(AND(K15<>"",$L$4<>"",K15<$L$4),"Próxima",IF(AND($L$6<>"",$L$7<>"",I15>=$L$6,I15<=$L$7),"Telefonia",IF(AND(I15>=470,I15<698,COUNTIF($E$9:$L$9,INT((I15-470)/6)+14)>0),"TV",IF(M15>0,"Intermod.","OK")))))) -> Intermod. | O15: =IF(N15="","",IF(N15="Automática","Sem frequência fixa: o sistema escolhe o canal. Afaste o receptor do roteador Wi-Fi",IF(N15="Repetida","Mesma frequência do sistema nº "&L15&": troque o canal de um dos dois",IF(N15="Próxima","Perto demais do sistema nº "&L15&": afaste as duas frequências",IF(N15="Telefonia","Dentro da faixa a evitar: troque de frequência ou de equipamento",IF(N15="TV","Dentro do canal de TV "&J15&", ativo na cidade: use um canal de TV livre",IF(N15="Intermod.","Há "&M15&" produto(s) de intermodulação perto: troque esta frequência ou use o grupo do fabricante","Manter"))))))) -> Há 1 produto(s) de intermodulação perto: troque esta frequência ou use o grupo do fabricante | S15: =IF(OR($I15="",$I16=""),"",ROUND(ABS($I15-$I16),4)) -> 0.5 | T15: =IF(OR($I15="",$I17=""),"",ROUND(ABS($I15-$I17),4)) -> 1 | U15: =IF(OR($I15="",$I18=""),"",ROUND(ABS($I15-$I18),4)) -> 1.5 | V15: =IF(OR($I15="",$I19=""),"",ROUND(ABS($I15-$I19),4)) -> 9.7 | W15: =IF(OR($I15="",$I20=""),"",ROUND(ABS($I15-$I20),4)) -> 1.65 | X15: =IF(OR($I15="",$I21=""),"",ROUND(ABS($I15-$I21),4)) | Y15: =IF(OR($I15="",$I22=""),"",ROUND(ABS($I15-$I22),4)) | Z15: =IF(OR($I15="",$I23=""),"",ROUND(ABS($I15-$I23),4)) | AA15: =IF(OR($I15="",$I24=""),"",ROUND(ABS($I15-$I24),4)) | AB15: =IF(OR($I15="",$I25=""),"",ROUND(ABS($I15-$I25),4)) | AC15: =IF(OR($I15="",$I26=""),"",ROUND(ABS($I15-$I26),4)) | AD15: =IF(OR($I15="",$I27=""),"",ROUND(ABS($I15-$I27),4)) | AE15: =IF(OR($I15="",$I28=""),"",ROUND(ABS($I15-$I28),4)) | AF15: =IF(OR($I15="",$I29=""),"",ROUND(ABS($I15-$I29),4)) | AG15: =IF(OR($I15="",$I30=""),"",ROUND(ABS($I15-$I30),4)) | AJ15: =IF(OR($I15="",$I16=""),"",ROUND((2*$I15-$I16)*1000,0)) -> 529500 | AK15: =IF(OR($I15="",$I17=""),"",ROUND((2*$I15-$I17)*1000,0)) -> 529000 | AL15: =IF(OR($I15="",$I18=""),"",ROUND((2*$I15-$I18)*1000,0)) -> 528500 | AM15: =IF(OR($I15="",$I19=""),"",ROUND((2*$I15-$I19)*1000,0)) -> 539700 | AN15: =IF(OR($I15="",$I20=""),"",ROUND((2*$I15-$I20)*1000,0)) -> 528350 | AO15: =IF(OR($I15="",$I21=""),"",ROUND((2*$I15-$I21)*1000,0)) | AP15: =IF(OR($I15="",$I22=""),"",ROUND((2*$I15-$I22)*1000,0)) | AQ15: =IF(OR($I15="",$I23=""),"",ROUND((2*$I15-$I23)*1000,0)) | AR15: =IF(OR($I15="",$I24=""),"",ROUND((2*$I15-$I24)*1000,0)) | AS15: =IF(OR($I15="",$I25=""),"",ROUND((2*$I15-$I25)*1000,0)) | AT15: =IF(OR($I15="",$I26=""),"",ROUND((2*$I15-$I26)*1000,0)) | AU15: =IF(OR($I15="",$I27=""),"",ROUND((2*$I15-$I27)*1000,0)) | AV15: =IF(OR($I15="",$I28=""),"",ROUND((2*$I15-$I28)*1000,0)) | AW15: =IF(OR($I15="",$I29=""),"",ROUND((2*$I15-$I29)*1000,0)) | AX15: =IF(OR($I15="",$I30=""),"",ROUND((2*$I15-$I30)*1000,0))
B16: 2 | C16: Receptor 2 (linha A) | D16: Cantora | E16: De mão | F16: UHF | I16: 530.5 | J16: =IF(I16="","",IF(AND(I16>=470,I16<698),INT((I16-470)/6)+14,"–")) -> 24 | K16: =IF(OR(I16="",COUNT($R16:$AG16)=0),"",MIN($R16:$AG16)) -> 0.5 | L16: =IF(K16="","",MATCH(K16,$R16:$AG16,0)) -> 1 | M16: =IF(I16="","",COUNTIFS($AI$15:$AX$30,">"&ROUND((I16-$L$5)*1000,0),$AI$15:$AX$30,"<"&ROUND((I16+$L$5)*1000,0))-COUNTIFS($AI16:$AX16,">"&ROUND((I16-$L$5)*1000,0),$AI16:$AX16,"<"&ROUND((I16+$L$5)*1000,0))-COUNTIFS(AJ$15:AJ$30,">"&ROUND((I16-$L$5)*1000,0),AJ$15:AJ$30,"<"&ROUND((I16+$L$5)*1000,0))) -> 1 | N16: =IF(I16="",IF(AND(C16<>"",F16="2,4 GHz"),"Automática",""),IF(AND(K16<>"",K16<0.0005),"Repetida",IF(AND(K16<>"",$L$4<>"",K16<$L$4),"Próxima",IF(AND($L$6<>"",$L$7<>"",I16>=$L$6,I16<=$L$7),"Telefonia",IF(AND(I16>=470,I16<698,COUNTIF($E$9:$L$9,INT((I16-470)/6)+14)>0),"TV",IF(M16>0,"Intermod.","OK")))))) -> Intermod. | O16: =IF(N16="","",IF(N16="Automática","Sem frequência fixa: o sistema escolhe o canal. Afaste o receptor do roteador Wi-Fi",IF(N16="Repetida","Mesma frequência do sistema nº "&L16&": troque o canal de um dos dois",IF(N16="Próxima","Perto demais do sistema nº "&L16&": afaste as duas frequências",IF(N16="Telefonia","Dentro da faixa a evitar: troque de frequência ou de equipamento",IF(N16="TV","Dentro do canal de TV "&J16&", ativo na cidade: use um canal de TV livre",IF(N16="Intermod.","Há "&M16&" produto(s) de intermodulação perto: troque esta frequência ou use o grupo do fabricante","Manter"))))))) -> Há 1 produto(s) de intermodulação perto: troque esta frequência ou use o grupo do fabricante | R16: =IF(OR($I16="",$I15=""),"",ROUND(ABS($I16-$I15),4)) -> 0.5 | T16: =IF(OR($I16="",$I17=""),"",ROUND(ABS($I16-$I17),4)) -> 0.5 | U16: =IF(OR($I16="",$I18=""),"",ROUND(ABS($I16-$I18),4)) -> 1 | V16: =IF(OR($I16="",$I19=""),"",ROUND(ABS($I16-$I19),4)) -> 10.2 | W16: =IF(OR($I16="",$I20=""),"",ROUND(ABS($I16-$I20),4)) -> 1.15 | X16: =IF(OR($I16="",$I21=""),"",ROUND(ABS($I16-$I21),4)) | Y16: =IF(OR($I16="",$I22=""),"",ROUND(ABS($I16-$I22),4)) | Z16: =IF(OR($I16="",$I23=""),"",ROUND(ABS($I16-$I23),4)) | AA16: =IF(OR($I16="",$I24=""),"",ROUND(ABS($I16-$I24),4)) | AB16: =IF(OR($I16="",$I25=""),"",ROUND(ABS($I16-$I25),4)) | AC16: =IF(OR($I16="",$I26=""),"",ROUND(ABS($I16-$I26),4)) | AD16: =IF(OR($I16="",$I27=""),"",ROUND(ABS($I16-$I27),4)) | AE16: =IF(OR($I16="",$I28=""),"",ROUND(ABS($I16-$I28),4)) | AF16: =IF(OR($I16="",$I29=""),"",ROUND(ABS($I16-$I29),4)) | AG16: =IF(OR($I16="",$I30=""),"",ROUND(ABS($I16-$I30),4)) | AI16: =IF(OR($I16="",$I15=""),"",ROUND((2*$I16-$I15)*1000,0)) -> 531000 | AK16: =IF(OR($I16="",$I17=""),"",ROUND((2*$I16-$I17)*1000,0)) -> 530000 | AL16: =IF(OR($I16="",$I18=""),"",ROUND((2*$I16-$I18)*1000,0)) -> 529500 | AM16: =IF(OR($I16="",$I19=""),"",ROUND((2*$I16-$I19)*1000,0)) -> 540700 | AN16: =IF(OR($I16="",$I20=""),"",ROUND((2*$I16-$I20)*1000,0)) -> 529350 | AO16: =IF(OR($I16="",$I21=""),"",ROUND((2*$I16-$I21)*1000,0)) | AP16: =IF(OR($I16="",$I22=""),"",ROUND((2*$I16-$I22)*1000,0)) | AQ16: =IF(OR($I16="",$I23=""),"",ROUND((2*$I16-$I23)*1000,0)) | AR16: =IF(OR($I16="",$I24=""),"",ROUND((2*$I16-$I24)*1000,0)) | AS16: =IF(OR($I16="",$I25=""),"",ROUND((2*$I16-$I25)*1000,0)) | AT16: =IF(OR($I16="",$I26=""),"",ROUND((2*$I16-$I26)*1000,0)) | AU16: =IF(OR($I16="",$I27=""),"",ROUND((2*$I16-$I27)*1000,0)) | AV16: =IF(OR($I16="",$I28=""),"",ROUND((2*$I16-$I28)*1000,0)) | AW16: =IF(OR($I16="",$I29=""),"",ROUND((2*$I16-$I29)*1000,0)) | AX16: =IF(OR($I16="",$I30=""),"",ROUND((2*$I16-$I30)*1000,0))
B17: 3 | C17: Receptor 3 (linha A) | D17: Voz de apoio 1 | E17: De mão | F17: UHF | I17: 531 | J17: =IF(I17="","",IF(AND(I17>=470,I17<698),INT((I17-470)/6)+14,"–")) -> 24 | K17: =IF(OR(I17="",COUNT($R17:$AG17)=0),"",MIN($R17:$AG17)) -> 0.5 | L17: =IF(K17="","",MATCH(K17,$R17:$AG17,0)) -> 2 | M17: =IF(I17="","",COUNTIFS($AI$15:$AX$30,">"&ROUND((I17-$L$5)*1000,0),$AI$15:$AX$30,"<"&ROUND((I17+$L$5)*1000,0))-COUNTIFS($AI17:$AX17,">"&ROUND((I17-$L$5)*1000,0),$AI17:$AX17,"<"&ROUND((I17+$L$5)*1000,0))-COUNTIFS(AK$15:AK$30,">"&ROUND((I17-$L$5)*1000,0),AK$15:AK$30,"<"&ROUND((I17+$L$5)*1000,0))) -> 1 | N17: =IF(I17="",IF(AND(C17<>"",F17="2,4 GHz"),"Automática",""),IF(AND(K17<>"",K17<0.0005),"Repetida",IF(AND(K17<>"",$L$4<>"",K17<$L$4),"Próxima",IF(AND($L$6<>"",$L$7<>"",I17>=$L$6,I17<=$L$7),"Telefonia",IF(AND(I17>=470,I17<698,COUNTIF($E$9:$L$9,INT((I17-470)/6)+14)>0),"TV",IF(M17>0,"Intermod.","OK")))))) -> Intermod. | O17: =IF(N17="","",IF(N17="Automática","Sem frequência fixa: o sistema escolhe o canal. Afaste o receptor do roteador Wi-Fi",IF(N17="Repetida","Mesma frequência do sistema nº "&L17&": troque o canal de um dos dois",IF(N17="Próxima","Perto demais do sistema nº "&L17&": afaste as duas frequências",IF(N17="Telefonia","Dentro da faixa a evitar: troque de frequência ou de equipamento",IF(N17="TV","Dentro do canal de TV "&J17&", ativo na cidade: use um canal de TV livre",IF(N17="Intermod.","Há "&M17&" produto(s) de intermodulação perto: troque esta frequência ou use o grupo do fabricante","Manter"))))))) -> Há 1 produto(s) de intermodulação perto: troque esta frequência ou use o grupo do fabricante | R17: =IF(OR($I17="",$I15=""),"",ROUND(ABS($I17-$I15),4)) -> 1 | S17: =IF(OR($I17="",$I16=""),"",ROUND(ABS($I17-$I16),4)) -> 0.5 | U17: =IF(OR($I17="",$I18=""),"",ROUND(ABS($I17-$I18),4)) -> 0.5 | V17: =IF(OR($I17="",$I19=""),"",ROUND(ABS($I17-$I19),4)) -> 10.7 | W17: =IF(OR($I17="",$I20=""),"",ROUND(ABS($I17-$I20),4)) -> 0.65 | X17: =IF(OR($I17="",$I21=""),"",ROUND(ABS($I17-$I21),4)) | Y17: =IF(OR($I17="",$I22=""),"",ROUND(ABS($I17-$I22),4)) | Z17: =IF(OR($I17="",$I23=""),"",ROUND(ABS($I17-$I23),4)) | AA17: =IF(OR($I17="",$I24=""),"",ROUND(ABS($I17-$I24),4)) | AB17: =IF(OR($I17="",$I25=""),"",ROUND(ABS($I17-$I25),4)) | AC17: =IF(OR($I17="",$I26=""),"",ROUND(ABS($I17-$I26),4)) | AD17: =IF(OR($I17="",$I27=""),"",ROUND(ABS($I17-$I27),4)) | AE17: =IF(OR($I17="",$I28=""),"",ROUND(ABS($I17-$I28),4)) | AF17: =IF(OR($I17="",$I29=""),"",ROUND(ABS($I17-$I29),4)) | AG17: =IF(OR($I17="",$I30=""),"",ROUND(ABS($I17-$I30),4)) | AI17: =IF(OR($I17="",$I15=""),"",ROUND((2*$I17-$I15)*1000,0)) -> 532000 | AJ17: =IF(OR($I17="",$I16=""),"",ROUND((2*$I17-$I16)*1000,0)) -> 531500 | AL17: =IF(OR($I17="",$I18=""),"",ROUND((2*$I17-$I18)*1000,0)) -> 530500 | AM17: =IF(OR($I17="",$I19=""),"",ROUND((2*$I17-$I19)*1000,0)) -> 541700 | AN17: =IF(OR($I17="",$I20=""),"",ROUND((2*$I17-$I20)*1000,0)) -> 530350 | AO17: =IF(OR($I17="",$I21=""),"",ROUND((2*$I17-$I21)*1000,0)) | AP17: =IF(OR($I17="",$I22=""),"",ROUND((2*$I17-$I22)*1000,0)) | AQ17: =IF(OR($I17="",$I23=""),"",ROUND((2*$I17-$I23)*1000,0)) | AR17: =IF(OR($I17="",$I24=""),"",ROUND((2*$I17-$I24)*1000,0)) | AS17: =IF(OR($I17="",$I25=""),"",ROUND((2*$I17-$I25)*1000,0)) | AT17: =IF(OR($I17="",$I26=""),"",ROUND((2*$I17-$I26)*1000,0)) | AU17: =IF(OR($I17="",$I27=""),"",ROUND((2*$I17-$I27)*1000,0)) | AV17: =IF(OR($I17="",$I28=""),"",ROUND((2*$I17-$I28)*1000,0)) | AW17: =IF(OR($I17="",$I29=""),"",ROUND((2*$I17-$I29)*1000,0)) | AX17: =IF(OR($I17="",$I30=""),"",ROUND((2*$I17-$I30)*1000,0))
B18: 4 | C18: Receptor 4 (linha A) | D18: Voz de apoio 2 | E18: De mão | F18: UHF | I18: 531.5 | J18: =IF(I18="","",IF(AND(I18>=470,I18<698),INT((I18-470)/6)+14,"–")) -> 24 | K18: =IF(OR(I18="",COUNT($R18:$AG18)=0),"",MIN($R18:$AG18)) -> 0.15 | L18: =IF(K18="","",MATCH(K18,$R18:$AG18,0)) -> 6 | M18: =IF(I18="","",COUNTIFS($AI$15:$AX$30,">"&ROUND((I18-$L$5)*1000,0),$AI$15:$AX$30,"<"&ROUND((I18+$L$5)*1000,0))-COUNTIFS($AI18:$AX18,">"&ROUND((I18-$L$5)*1000,0),$AI18:$AX18,"<"&ROUND((I18+$L$5)*1000,0))-COUNTIFS(AL$15:AL$30,">"&ROUND((I18-$L$5)*1000,0),AL$15:AL$30,"<"&ROUND((I18+$L$5)*1000,0))) -> 1 | N18: =IF(I18="",IF(AND(C18<>"",F18="2,4 GHz"),"Automática",""),IF(AND(K18<>"",K18<0.0005),"Repetida",IF(AND(K18<>"",$L$4<>"",K18<$L$4),"Próxima",IF(AND($L$6<>"",$L$7<>"",I18>=$L$6,I18<=$L$7),"Telefonia",IF(AND(I18>=470,I18<698,COUNTIF($E$9:$L$9,INT((I18-470)/6)+14)>0),"TV",IF(M18>0,"Intermod.","OK")))))) -> Próxima | O18: =IF(N18="","",IF(N18="Automática","Sem frequência fixa: o sistema escolhe o canal. Afaste o receptor do roteador Wi-Fi",IF(N18="Repetida","Mesma frequência do sistema nº "&L18&": troque o canal de um dos dois",IF(N18="Próxima","Perto demais do sistema nº "&L18&": afaste as duas frequências",IF(N18="Telefonia","Dentro da faixa a evitar: troque de frequência ou de equipamento",IF(N18="TV","Dentro do canal de TV "&J18&", ativo na cidade: use um canal de TV livre",IF(N18="Intermod.","Há "&M18&" produto(s) de intermodulação perto: troque esta frequência ou use o grupo do fabricante","Manter"))))))) -> Perto demais do sistema nº 6: afaste as duas frequências | R18: =IF(OR($I18="",$I15=""),"",ROUND(ABS($I18-$I15),4)) -> 1.5 | S18: =IF(OR($I18="",$I16=""),"",ROUND(ABS($I18-$I16),4)) -> 1 | T18: =IF(OR($I18="",$I17=""),"",ROUND(ABS($I18-$I17),4)) -> 0.5 | V18: =IF(OR($I18="",$I19=""),"",ROUND(ABS($I18-$I19),4)) -> 11.2 | W18: =IF(OR($I18="",$I20=""),"",ROUND(ABS($I18-$I20),4)) -> 0.15 | X18: =IF(OR($I18="",$I21=""),"",ROUND(ABS($I18-$I21),4)) | Y18: =IF(OR($I18="",$I22=""),"",ROUND(ABS($I18-$I22),4)) | Z18: =IF(OR($I18="",$I23=""),"",ROUND(ABS($I18-$I23),4)) | AA18: =IF(OR($I18="",$I24=""),"",ROUND(ABS($I18-$I24),4)) | AB18: =IF(OR($I18="",$I25=""),"",ROUND(ABS($I18-$I25),4)) | AC18: =IF(OR($I18="",$I26=""),"",ROUND(ABS($I18-$I26),4)) | AD18: =IF(OR($I18="",$I27=""),"",ROUND(ABS($I18-$I27),4)) | AE18: =IF(OR($I18="",$I28=""),"",ROUND(ABS($I18-$I28),4)) | AF18: =IF(OR($I18="",$I29=""),"",ROUND(ABS($I18-$I29),4)) | AG18: =IF(OR($I18="",$I30=""),"",ROUND(ABS($I18-$I30),4)) | AI18: =IF(OR($I18="",$I15=""),"",ROUND((2*$I18-$I15)*1000,0)) -> 533000 | AJ18: =IF(OR($I18="",$I16=""),"",ROUND((2*$I18-$I16)*1000,0)) -> 532500 | AK18: =IF(OR($I18="",$I17=""),"",ROUND((2*$I18-$I17)*1000,0)) -> 532000 | AM18: =IF(OR($I18="",$I19=""),"",ROUND((2*$I18-$I19)*1000,0)) -> 542700 | AN18: =IF(OR($I18="",$I20=""),"",ROUND((2*$I18-$I20)*1000,0)) -> 531350 | AO18: =IF(OR($I18="",$I21=""),"",ROUND((2*$I18-$I21)*1000,0)) | AP18: =IF(OR($I18="",$I22=""),"",ROUND((2*$I18-$I22)*1000,0)) | AQ18: =IF(OR($I18="",$I23=""),"",ROUND((2*$I18-$I23)*1000,0)) | AR18: =IF(OR($I18="",$I24=""),"",ROUND((2*$I18-$I24)*1000,0)) | AS18: =IF(OR($I18="",$I25=""),"",ROUND((2*$I18-$I25)*1000,0)) | AT18: =IF(OR($I18="",$I26=""),"",ROUND((2*$I18-$I26)*1000,0)) | AU18: =IF(OR($I18="",$I27=""),"",ROUND((2*$I18-$I27)*1000,0)) | AV18: =IF(OR($I18="",$I28=""),"",ROUND((2*$I18-$I28)*1000,0)) | AW18: =IF(OR($I18="",$I29=""),"",ROUND((2*$I18-$I29)*1000,0)) | AX18: =IF(OR($I18="",$I30=""),"",ROUND((2*$I18-$I30)*1000,0))
B19: 5 | C19: Receptor 5 (linha B) | D19: Dirigente do louvor | E19: De mão | F19: UHF | I19: 520.3 | J19: =IF(I19="","",IF(AND(I19>=470,I19<698),INT((I19-470)/6)+14,"–")) -> 22 | K19: =IF(OR(I19="",COUNT($R19:$AG19)=0),"",MIN($R19:$AG19)) -> 9.7 | L19: =IF(K19="","",MATCH(K19,$R19:$AG19,0)) -> 1 | M19: =IF(I19="","",COUNTIFS($AI$15:$AX$30,">"&ROUND((I19-$L$5)*1000,0),$AI$15:$AX$30,"<"&ROUND((I19+$L$5)*1000,0))-COUNTIFS($AI19:$AX19,">"&ROUND((I19-$L$5)*1000,0),$AI19:$AX19,"<"&ROUND((I19+$L$5)*1000,0))-COUNTIFS(AM$15:AM$30,">"&ROUND((I19-$L$5)*1000,0),AM$15:AM$30,"<"&ROUND((I19+$L$5)*1000,0))) -> 0 | N19: =IF(I19="",IF(AND(C19<>"",F19="2,4 GHz"),"Automática",""),IF(AND(K19<>"",K19<0.0005),"Repetida",IF(AND(K19<>"",$L$4<>"",K19<$L$4),"Próxima",IF(AND($L$6<>"",$L$7<>"",I19>=$L$6,I19<=$L$7),"Telefonia",IF(AND(I19>=470,I19<698,COUNTIF($E$9:$L$9,INT((I19-470)/6)+14)>0),"TV",IF(M19>0,"Intermod.","OK")))))) -> TV | O19: =IF(N19="","",IF(N19="Automática","Sem frequência fixa: o sistema escolhe o canal. Afaste o receptor do roteador Wi-Fi",IF(N19="Repetida","Mesma frequência do sistema nº "&L19&": troque o canal de um dos dois",IF(N19="Próxima","Perto demais do sistema nº "&L19&": afaste as duas frequências",IF(N19="Telefonia","Dentro da faixa a evitar: troque de frequência ou de equipamento",IF(N19="TV","Dentro do canal de TV "&J19&", ativo na cidade: use um canal de TV livre",IF(N19="Intermod.","Há "&M19&" produto(s) de intermodulação perto: troque esta frequência ou use o grupo do fabricante","Manter"))))))) -> Dentro do canal de TV 22, ativo na cidade: use um canal de TV livre | R19: =IF(OR($I19="",$I15=""),"",ROUND(ABS($I19-$I15),4)) -> 9.7 | S19: =IF(OR($I19="",$I16=""),"",ROUND(ABS($I19-$I16),4)) -> 10.2 | T19: =IF(OR($I19="",$I17=""),"",ROUND(ABS($I19-$I17),4)) -> 10.7 | U19: =IF(OR($I19="",$I18=""),"",ROUND(ABS($I19-$I18),4)) -> 11.2 | W19: =IF(OR($I19="",$I20=""),"",ROUND(ABS($I19-$I20),4)) -> 11.35 | X19: =IF(OR($I19="",$I21=""),"",ROUND(ABS($I19-$I21),4)) | Y19: =IF(OR($I19="",$I22=""),"",ROUND(ABS($I19-$I22),4)) | Z19: =IF(OR($I19="",$I23=""),"",ROUND(ABS($I19-$I23),4)) | AA19: =IF(OR($I19="",$I24=""),"",ROUND(ABS($I19-$I24),4)) | AB19: =IF(OR($I19="",$I25=""),"",ROUND(ABS($I19-$I25),4)) | AC19: =IF(OR($I19="",$I26=""),"",ROUND(ABS($I19-$I26),4)) | AD19: =IF(OR($I19="",$I27=""),"",ROUND(ABS($I19-$I27),4)) | AE19: =IF(OR($I19="",$I28=""),"",ROUND(ABS($I19-$I28),4)) | AF19: =IF(OR($I19="",$I29=""),"",ROUND(ABS($I19-$I29),4)) | AG19: =IF(OR($I19="",$I30=""),"",ROUND(ABS($I19-$I30),4)) | AI19: =IF(OR($I19="",$I15=""),"",ROUND((2*$I19-$I15)*1000,0)) -> 510600 | AJ19: =IF(OR($I19="",$I16=""),"",ROUND((2*$I19-$I16)*1000,0)) -> 510100 | AK19: =IF(OR($I19="",$I17=""),"",ROUND((2*$I19-$I17)*1000,0)) -> 509600 | AL19: =IF(OR($I19="",$I18=""),"",ROUND((2*$I19-$I18)*1000,0)) -> 509100 | AN19: =IF(OR($I19="",$I20=""),"",ROUND((2*$I19-$I20)*1000,0)) -> 508950 | AO19: =IF(OR($I19="",$I21=""),"",ROUND((2*$I19-$I21)*1000,0)) | AP19: =IF(OR($I19="",$I22=""),"",ROUND((2*$I19-$I22)*1000,0)) | AQ19: =IF(OR($I19="",$I23=""),"",ROUND((2*$I19-$I23)*1000,0)) | AR19: =IF(OR($I19="",$I24=""),"",ROUND((2*$I19-$I24)*1000,0)) | AS19: =IF(OR($I19="",$I25=""),"",ROUND((2*$I19-$I25)*1000,0)) | AT19: =IF(OR($I19="",$I26=""),"",ROUND((2*$I19-$I26)*1000,0)) | AU19: =IF(OR($I19="",$I27=""),"",ROUND((2*$I19-$I27)*1000,0)) | AV19: =IF(OR($I19="",$I28=""),"",ROUND((2*$I19-$I28)*1000,0)) | AW19: =IF(OR($I19="",$I29=""),"",ROUND((2*$I19-$I29)*1000,0)) | AX19: =IF(OR($I19="",$I30=""),"",ROUND((2*$I19-$I30)*1000,0))
B20: 6 | C20: Receptor 6 (linha B) | D20: Reserva e avisos | E20: De mão | F20: UHF | I20: 531.65 | J20: =IF(I20="","",IF(AND(I20>=470,I20<698),INT((I20-470)/6)+14,"–")) -> 24 | K20: =IF(OR(I20="",COUNT($R20:$AG20)=0),"",MIN($R20:$AG20)) -> 0.15 | L20: =IF(K20="","",MATCH(K20,$R20:$AG20,0)) -> 4 | M20: =IF(I20="","",COUNTIFS($AI$15:$AX$30,">"&ROUND((I20-$L$5)*1000,0),$AI$15:$AX$30,"<"&ROUND((I20+$L$5)*1000,0))-COUNTIFS($AI20:$AX20,">"&ROUND((I20-$L$5)*1000,0),$AI20:$AX20,"<"&ROUND((I20+$L$5)*1000,0))-COUNTIFS(AN$15:AN$30,">"&ROUND((I20-$L$5)*1000,0),AN$15:AN$30,"<"&ROUND((I20+$L$5)*1000,0))) -> 0 | N20: =IF(I20="",IF(AND(C20<>"",F20="2,4 GHz"),"Automática",""),IF(AND(K20<>"",K20<0.0005),"Repetida",IF(AND(K20<>"",$L$4<>"",K20<$L$4),"Próxima",IF(AND($L$6<>"",$L$7<>"",I20>=$L$6,I20<=$L$7),"Telefonia",IF(AND(I20>=470,I20<698,COUNTIF($E$9:$L$9,INT((I20-470)/6)+14)>0),"TV",IF(M20>0,"Intermod.","OK")))))) -> Próxima | O20: =IF(N20="","",IF(N20="Automática","Sem frequência fixa: o sistema escolhe o canal. Afaste o receptor do roteador Wi-Fi",IF(N20="Repetida","Mesma frequência do sistema nº "&L20&": troque o canal de um dos dois",IF(N20="Próxima","Perto demais do sistema nº "&L20&": afaste as duas frequências",IF(N20="Telefonia","Dentro da faixa a evitar: troque de frequência ou de equipamento",IF(N20="TV","Dentro do canal de TV "&J20&", ativo na cidade: use um canal de TV livre",IF(N20="Intermod.","Há "&M20&" produto(s) de intermodulação perto: troque esta frequência ou use o grupo do fabricante","Manter"))))))) -> Perto demais do sistema nº 4: afaste as duas frequências | R20: =IF(OR($I20="",$I15=""),"",ROUND(ABS($I20-$I15),4)) -> 1.65 | S20: =IF(OR($I20="",$I16=""),"",ROUND(ABS($I20-$I16),4)) -> 1.15 | T20: =IF(OR($I20="",$I17=""),"",ROUND(ABS($I20-$I17),4)) -> 0.65 | U20: =IF(OR($I20="",$I18=""),"",ROUND(ABS($I20-$I18),4)) -> 0.15 | V20: =IF(OR($I20="",$I19=""),"",ROUND(ABS($I20-$I19),4)) -> 11.35 | X20: =IF(OR($I20="",$I21=""),"",ROUND(ABS($I20-$I21),4)) | Y20: =IF(OR($I20="",$I22=""),"",ROUND(ABS($I20-$I22),4)) | Z20: =IF(OR($I20="",$I23=""),"",ROUND(ABS($I20-$I23),4)) | AA20: =IF(OR($I20="",$I24=""),"",ROUND(ABS($I20-$I24),4)) | AB20: =IF(OR($I20="",$I25=""),"",ROUND(ABS($I20-$I25),4)) | AC20: =IF(OR($I20="",$I26=""),"",ROUND(ABS($I20-$I26),4)) | AD20: =IF(OR($I20="",$I27=""),"",ROUND(ABS($I20-$I27),4)) | AE20: =IF(OR($I20="",$I28=""),"",ROUND(ABS($I20-$I28),4)) | AF20: =IF(OR($I20="",$I29=""),"",ROUND(ABS($I20-$I29),4)) | AG20: =IF(OR($I20="",$I30=""),"",ROUND(ABS($I20-$I30),4)) | AI20: =IF(OR($I20="",$I15=""),"",ROUND((2*$I20-$I15)*1000,0)) -> 533300 | AJ20: =IF(OR($I20="",$I16=""),"",ROUND((2*$I20-$I16)*1000,0)) -> 532800 | AK20: =IF(OR($I20="",$I17=""),"",ROUND((2*$I20-$I17)*1000,0)) -> 532300 | AL20: =IF(OR($I20="",$I18=""),"",ROUND((2*$I20-$I18)*1000,0)) -> 531800 | AM20: =IF(OR($I20="",$I19=""),"",ROUND((2*$I20-$I19)*1000,0)) -> 543000 | AO20: =IF(OR($I20="",$I21=""),"",ROUND((2*$I20-$I21)*1000,0)) | AP20: =IF(OR($I20="",$I22=""),"",ROUND((2*$I20-$I22)*1000,0)) | AQ20: =IF(OR($I20="",$I23=""),"",ROUND((2*$I20-$I23)*1000,0)) | AR20: =IF(OR($I20="",$I24=""),"",ROUND((2*$I20-$I24)*1000,0)) | AS20: =IF(OR($I20="",$I25=""),"",ROUND((2*$I20-$I25)*1000,0)) | AT20: =IF(OR($I20="",$I26=""),"",ROUND((2*$I20-$I26)*1000,0)) | AU20: =IF(OR($I20="",$I27=""),"",ROUND((2*$I20-$I27)*1000,0)) | AV20: =IF(OR($I20="",$I28=""),"",ROUND((2*$I20-$I28)*1000,0)) | AW20: =IF(OR($I20="",$I29=""),"",ROUND((2*$I20-$I29)*1000,0)) | AX20: =IF(OR($I20="",$I30=""),"",ROUND((2*$I20-$I30)*1000,0))
B21: 7 | J21: =IF(I21="","",IF(AND(I21>=470,I21<698),INT((I21-470)/6)+14,"–")) | K21: =IF(OR(I21="",COUNT($R21:$AG21)=0),"",MIN($R21:$AG21)) | L21: =IF(K21="","",MATCH(K21,$R21:$AG21,0)) | M21: =IF(I21="","",COUNTIFS($AI$15:$AX$30,">"&ROUND((I21-$L$5)*1000,0),$AI$15:$AX$30,"<"&ROUND((I21+$L$5)*1000,0))-COUNTIFS($AI21:$AX21,">"&ROUND((I21-$L$5)*1000,0),$AI21:$AX21,"<"&ROUND((I21+$L$5)*1000,0))-COUNTIFS(AO$15:AO$30,">"&ROUND((I21-$L$5)*1000,0),AO$15:AO$30,"<"&ROUND((I21+$L$5)*1000,0))) | N21: =IF(I21="",IF(AND(C21<>"",F21="2,4 GHz"),"Automática",""),IF(AND(K21<>"",K21<0.0005),"Repetida",IF(AND(K21<>"",$L$4<>"",K21<$L$4),"Próxima",IF(AND($L$6<>"",$L$7<>"",I21>=$L$6,I21<=$L$7),"Telefonia",IF(AND(I21>=470,I21<698,COUNTIF($E$9:$L$9,INT((I21-470)/6)+14)>0),"TV",IF(M21>0,"Intermod.","OK")))))) | O21: =IF(N21="","",IF(N21="Automática","Sem frequência fixa: o sistema escolhe o canal. Afaste o receptor do roteador Wi-Fi",IF(N21="Repetida","Mesma frequência do sistema nº "&L21&": troque o canal de um dos dois",IF(N21="Próxima","Perto demais do sistema nº "&L21&": afaste as duas frequências",IF(N21="Telefonia","Dentro da faixa a evitar: troque de frequência ou de equipamento",IF(N21="TV","Dentro do canal de TV "&J21&", ativo na cidade: use um canal de TV livre",IF(N21="Intermod.","Há "&M21&" produto(s) de intermodulação perto: troque esta frequência ou use o grupo do fabricante","Manter"))))))) | R21: =IF(OR($I21="",$I15=""),"",ROUND(ABS($I21-$I15),4)) | S21: =IF(OR($I21="",$I16=""),"",ROUND(ABS($I21-$I16),4)) | T21: =IF(OR($I21="",$I17=""),"",ROUND(ABS($I21-$I17),4)) | U21: =IF(OR($I21="",$I18=""),"",ROUND(ABS($I21-$I18),4)) | V21: =IF(OR($I21="",$I19=""),"",ROUND(ABS($I21-$I19),4)) | W21: =IF(OR($I21="",$I20=""),"",ROUND(ABS($I21-$I20),4)) | Y21: =IF(OR($I21="",$I22=""),"",ROUND(ABS($I21-$I22),4)) | Z21: =IF(OR($I21="",$I23=""),"",ROUND(ABS($I21-$I23),4)) | AA21: =IF(OR($I21="",$I24=""),"",ROUND(ABS($I21-$I24),4)) | AB21: =IF(OR($I21="",$I25=""),"",ROUND(ABS($I21-$I25),4)) | AC21: =IF(OR($I21="",$I26=""),"",ROUND(ABS($I21-$I26),4)) | AD21: =IF(OR($I21="",$I27=""),"",ROUND(ABS($I21-$I27),4)) | AE21: =IF(OR($I21="",$I28=""),"",ROUND(ABS($I21-$I28),4)) | AF21: =IF(OR($I21="",$I29=""),"",ROUND(ABS($I21-$I29),4)) | AG21: =IF(OR($I21="",$I30=""),"",ROUND(ABS($I21-$I30),4)) | AI21: =IF(OR($I21="",$I15=""),"",ROUND((2*$I21-$I15)*1000,0)) | AJ21: =IF(OR($I21="",$I16=""),"",ROUND((2*$I21-$I16)*1000,0)) | AK21: =IF(OR($I21="",$I17=""),"",ROUND((2*$I21-$I17)*1000,0)) | AL21: =IF(OR($I21="",$I18=""),"",ROUND((2*$I21-$I18)*1000,0)) | AM21: =IF(OR($I21="",$I19=""),"",ROUND((2*$I21-$I19)*1000,0)) | AN21: =IF(OR($I21="",$I20=""),"",ROUND((2*$I21-$I20)*1000,0)) | AP21: =IF(OR($I21="",$I22=""),"",ROUND((2*$I21-$I22)*1000,0)) | AQ21: =IF(OR($I21="",$I23=""),"",ROUND((2*$I21-$I23)*1000,0)) | AR21: =IF(OR($I21="",$I24=""),"",ROUND((2*$I21-$I24)*1000,0)) | AS21: =IF(OR($I21="",$I25=""),"",ROUND((2*$I21-$I25)*1000,0)) | AT21: =IF(OR($I21="",$I26=""),"",ROUND((2*$I21-$I26)*1000,0)) | AU21: =IF(OR($I21="",$I27=""),"",ROUND((2*$I21-$I27)*1000,0)) | AV21: =IF(OR($I21="",$I28=""),"",ROUND((2*$I21-$I28)*1000,0)) | AW21: =IF(OR($I21="",$I29=""),"",ROUND((2*$I21-$I29)*1000,0)) | AX21: =IF(OR($I21="",$I30=""),"",ROUND((2*$I21-$I30)*1000,0))
B22: 8 | J22: =IF(I22="","",IF(AND(I22>=470,I22<698),INT((I22-470)/6)+14,"–")) | K22: =IF(OR(I22="",COUNT($R22:$AG22)=0),"",MIN($R22:$AG22)) | L22: =IF(K22="","",MATCH(K22,$R22:$AG22,0)) | M22: =IF(I22="","",COUNTIFS($AI$15:$AX$30,">"&ROUND((I22-$L$5)*1000,0),$AI$15:$AX$30,"<"&ROUND((I22+$L$5)*1000,0))-COUNTIFS($AI22:$AX22,">"&ROUND((I22-$L$5)*1000,0),$AI22:$AX22,"<"&ROUND((I22+$L$5)*1000,0))-COUNTIFS(AP$15:AP$30,">"&ROUND((I22-$L$5)*1000,0),AP$15:AP$30,"<"&ROUND((I22+$L$5)*1000,0))) | N22: =IF(I22="",IF(AND(C22<>"",F22="2,4 GHz"),"Automática",""),IF(AND(K22<>"",K22<0.0005),"Repetida",IF(AND(K22<>"",$L$4<>"",K22<$L$4),"Próxima",IF(AND($L$6<>"",$L$7<>"",I22>=$L$6,I22<=$L$7),"Telefonia",IF(AND(I22>=470,I22<698,COUNTIF($E$9:$L$9,INT((I22-470)/6)+14)>0),"TV",IF(M22>0,"Intermod.","OK")))))) | O22: =IF(N22="","",IF(N22="Automática","Sem frequência fixa: o sistema escolhe o canal. Afaste o receptor do roteador Wi-Fi",IF(N22="Repetida","Mesma frequência do sistema nº "&L22&": troque o canal de um dos dois",IF(N22="Próxima","Perto demais do sistema nº "&L22&": afaste as duas frequências",IF(N22="Telefonia","Dentro da faixa a evitar: troque de frequência ou de equipamento",IF(N22="TV","Dentro do canal de TV "&J22&", ativo na cidade: use um canal de TV livre",IF(N22="Intermod.","Há "&M22&" produto(s) de intermodulação perto: troque esta frequência ou use o grupo do fabricante","Manter"))))))) | R22: =IF(OR($I22="",$I15=""),"",ROUND(ABS($I22-$I15),4)) | S22: =IF(OR($I22="",$I16=""),"",ROUND(ABS($I22-$I16),4)) | T22: =IF(OR($I22="",$I17=""),"",ROUND(ABS($I22-$I17),4)) | U22: =IF(OR($I22="",$I18=""),"",ROUND(ABS($I22-$I18),4)) | V22: =IF(OR($I22="",$I19=""),"",ROUND(ABS($I22-$I19),4)) | W22: =IF(OR($I22="",$I20=""),"",ROUND(ABS($I22-$I20),4)) | X22: =IF(OR($I22="",$I21=""),"",ROUND(ABS($I22-$I21),4)) | Z22: =IF(OR($I22="",$I23=""),"",ROUND(ABS($I22-$I23),4)) | AA22: =IF(OR($I22="",$I24=""),"",ROUND(ABS($I22-$I24),4)) | AB22: =IF(OR($I22="",$I25=""),"",ROUND(ABS($I22-$I25),4)) | AC22: =IF(OR($I22="",$I26=""),"",ROUND(ABS($I22-$I26),4)) | AD22: =IF(OR($I22="",$I27=""),"",ROUND(ABS($I22-$I27),4)) | AE22: =IF(OR($I22="",$I28=""),"",ROUND(ABS($I22-$I28),4)) | AF22: =IF(OR($I22="",$I29=""),"",ROUND(ABS($I22-$I29),4)) | AG22: =IF(OR($I22="",$I30=""),"",ROUND(ABS($I22-$I30),4)) | AI22: =IF(OR($I22="",$I15=""),"",ROUND((2*$I22-$I15)*1000,0)) | AJ22: =IF(OR($I22="",$I16=""),"",ROUND((2*$I22-$I16)*1000,0)) | AK22: =IF(OR($I22="",$I17=""),"",ROUND((2*$I22-$I17)*1000,0)) | AL22: =IF(OR($I22="",$I18=""),"",ROUND((2*$I22-$I18)*1000,0)) | AM22: =IF(OR($I22="",$I19=""),"",ROUND((2*$I22-$I19)*1000,0)) | AN22: =IF(OR($I22="",$I20=""),"",ROUND((2*$I22-$I20)*1000,0)) | AO22: =IF(OR($I22="",$I21=""),"",ROUND((2*$I22-$I21)*1000,0)) | AQ22: =IF(OR($I22="",$I23=""),"",ROUND((2*$I22-$I23)*1000,0)) | AR22: =IF(OR($I22="",$I24=""),"",ROUND((2*$I22-$I24)*1000,0)) | AS22: =IF(OR($I22="",$I25=""),"",ROUND((2*$I22-$I25)*1000,0)) | AT22: =IF(OR($I22="",$I26=""),"",ROUND((2*$I22-$I26)*1000,0)) | AU22: =IF(OR($I22="",$I27=""),"",ROUND((2*$I22-$I27)*1000,0)) | AV22: =IF(OR($I22="",$I28=""),"",ROUND((2*$I22-$I28)*1000,0)) | AW22: =IF(OR($I22="",$I29=""),"",ROUND((2*$I22-$I29)*1000,0)) | AX22: =IF(OR($I22="",$I30=""),"",ROUND((2*$I22-$I30)*1000,0))
B23: 9 | J23: =IF(I23="","",IF(AND(I23>=470,I23<698),INT((I23-470)/6)+14,"–")) | K23: =IF(OR(I23="",COUNT($R23:$AG23)=0),"",MIN($R23:$AG23)) | L23: =IF(K23="","",MATCH(K23,$R23:$AG23,0)) | M23: =IF(I23="","",COUNTIFS($AI$15:$AX$30,">"&ROUND((I23-$L$5)*1000,0),$AI$15:$AX$30,"<"&ROUND((I23+$L$5)*1000,0))-COUNTIFS($AI23:$AX23,">"&ROUND((I23-$L$5)*1000,0),$AI23:$AX23,"<"&ROUND((I23+$L$5)*1000,0))-COUNTIFS(AQ$15:AQ$30,">"&ROUND((I23-$L$5)*1000,0),AQ$15:AQ$30,"<"&ROUND((I23+$L$5)*1000,0))) | N23: =IF(I23="",IF(AND(C23<>"",F23="2,4 GHz"),"Automática",""),IF(AND(K23<>"",K23<0.0005),"Repetida",IF(AND(K23<>"",$L$4<>"",K23<$L$4),"Próxima",IF(AND($L$6<>"",$L$7<>"",I23>=$L$6,I23<=$L$7),"Telefonia",IF(AND(I23>=470,I23<698,COUNTIF($E$9:$L$9,INT((I23-470)/6)+14)>0),"TV",IF(M23>0,"Intermod.","OK")))))) | O23: =IF(N23="","",IF(N23="Automática","Sem frequência fixa: o sistema escolhe o canal. Afaste o receptor do roteador Wi-Fi",IF(N23="Repetida","Mesma frequência do sistema nº "&L23&": troque o canal de um dos dois",IF(N23="Próxima","Perto demais do sistema nº "&L23&": afaste as duas frequências",IF(N23="Telefonia","Dentro da faixa a evitar: troque de frequência ou de equipamento",IF(N23="TV","Dentro do canal de TV "&J23&", ativo na cidade: use um canal de TV livre",IF(N23="Intermod.","Há "&M23&" produto(s) de intermodulação perto: troque esta frequência ou use o grupo do fabricante","Manter"))))))) | R23: =IF(OR($I23="",$I15=""),"",ROUND(ABS($I23-$I15),4)) | S23: =IF(OR($I23="",$I16=""),"",ROUND(ABS($I23-$I16),4)) | T23: =IF(OR($I23="",$I17=""),"",ROUND(ABS($I23-$I17),4)) | U23: =IF(OR($I23="",$I18=""),"",ROUND(ABS($I23-$I18),4)) | V23: =IF(OR($I23="",$I19=""),"",ROUND(ABS($I23-$I19),4)) | W23: =IF(OR($I23="",$I20=""),"",ROUND(ABS($I23-$I20),4)) | X23: =IF(OR($I23="",$I21=""),"",ROUND(ABS($I23-$I21),4)) | Y23: =IF(OR($I23="",$I22=""),"",ROUND(ABS($I23-$I22),4)) | AA23: =IF(OR($I23="",$I24=""),"",ROUND(ABS($I23-$I24),4)) | AB23: =IF(OR($I23="",$I25=""),"",ROUND(ABS($I23-$I25),4)) | AC23: =IF(OR($I23="",$I26=""),"",ROUND(ABS($I23-$I26),4)) | AD23: =IF(OR($I23="",$I27=""),"",ROUND(ABS($I23-$I27),4)) | AE23: =IF(OR($I23="",$I28=""),"",ROUND(ABS($I23-$I28),4)) | AF23: =IF(OR($I23="",$I29=""),"",ROUND(ABS($I23-$I29),4)) | AG23: =IF(OR($I23="",$I30=""),"",ROUND(ABS($I23-$I30),4)) | AI23: =IF(OR($I23="",$I15=""),"",ROUND((2*$I23-$I15)*1000,0)) | AJ23: =IF(OR($I23="",$I16=""),"",ROUND((2*$I23-$I16)*1000,0)) | AK23: =IF(OR($I23="",$I17=""),"",ROUND((2*$I23-$I17)*1000,0)) | AL23: =IF(OR($I23="",$I18=""),"",ROUND((2*$I23-$I18)*1000,0)) | AM23: =IF(OR($I23="",$I19=""),"",ROUND((2*$I23-$I19)*1000,0)) | AN23: =IF(OR($I23="",$I20=""),"",ROUND((2*$I23-$I20)*1000,0)) | AO23: =IF(OR($I23="",$I21=""),"",ROUND((2*$I23-$I21)*1000,0)) | AP23: =IF(OR($I23="",$I22=""),"",ROUND((2*$I23-$I22)*1000,0)) | AR23: =IF(OR($I23="",$I24=""),"",ROUND((2*$I23-$I24)*1000,0)) | AS23: =IF(OR($I23="",$I25=""),"",ROUND((2*$I23-$I25)*1000,0)) | AT23: =IF(OR($I23="",$I26=""),"",ROUND((2*$I23-$I26)*1000,0)) | AU23: =IF(OR($I23="",$I27=""),"",ROUND((2*$I23-$I27)*1000,0)) | AV23: =IF(OR($I23="",$I28=""),"",ROUND((2*$I23-$I28)*1000,0)) | AW23: =IF(OR($I23="",$I29=""),"",ROUND((2*$I23-$I29)*1000,0)) | AX23: =IF(OR($I23="",$I30=""),"",ROUND((2*$I23-$I30)*1000,0))
B24: 10 | J24: =IF(I24="","",IF(AND(I24>=470,I24<698),INT((I24-470)/6)+14,"–")) | K24: =IF(OR(I24="",COUNT($R24:$AG24)=0),"",MIN($R24:$AG24)) | L24: =IF(K24="","",MATCH(K24,$R24:$AG24,0)) | M24: =IF(I24="","",COUNTIFS($AI$15:$AX$30,">"&ROUND((I24-$L$5)*1000,0),$AI$15:$AX$30,"<"&ROUND((I24+$L$5)*1000,0))-COUNTIFS($AI24:$AX24,">"&ROUND((I24-$L$5)*1000,0),$AI24:$AX24,"<"&ROUND((I24+$L$5)*1000,0))-COUNTIFS(AR$15:AR$30,">"&ROUND((I24-$L$5)*1000,0),AR$15:AR$30,"<"&ROUND((I24+$L$5)*1000,0))) | N24: =IF(I24="",IF(AND(C24<>"",F24="2,4 GHz"),"Automática",""),IF(AND(K24<>"",K24<0.0005),"Repetida",IF(AND(K24<>"",$L$4<>"",K24<$L$4),"Próxima",IF(AND($L$6<>"",$L$7<>"",I24>=$L$6,I24<=$L$7),"Telefonia",IF(AND(I24>=470,I24<698,COUNTIF($E$9:$L$9,INT((I24-470)/6)+14)>0),"TV",IF(M24>0,"Intermod.","OK")))))) | O24: =IF(N24="","",IF(N24="Automática","Sem frequência fixa: o sistema escolhe o canal. Afaste o receptor do roteador Wi-Fi",IF(N24="Repetida","Mesma frequência do sistema nº "&L24&": troque o canal de um dos dois",IF(N24="Próxima","Perto demais do sistema nº "&L24&": afaste as duas frequências",IF(N24="Telefonia","Dentro da faixa a evitar: troque de frequência ou de equipamento",IF(N24="TV","Dentro do canal de TV "&J24&", ativo na cidade: use um canal de TV livre",IF(N24="Intermod.","Há "&M24&" produto(s) de intermodulação perto: troque esta frequência ou use o grupo do fabricante","Manter"))))))) | R24: =IF(OR($I24="",$I15=""),"",ROUND(ABS($I24-$I15),4)) | S24: =IF(OR($I24="",$I16=""),"",ROUND(ABS($I24-$I16),4)) | T24: =IF(OR($I24="",$I17=""),"",ROUND(ABS($I24-$I17),4)) | U24: =IF(OR($I24="",$I18=""),"",ROUND(ABS($I24-$I18),4)) | V24: =IF(OR($I24="",$I19=""),"",ROUND(ABS($I24-$I19),4)) | W24: =IF(OR($I24="",$I20=""),"",ROUND(ABS($I24-$I20),4)) | X24: =IF(OR($I24="",$I21=""),"",ROUND(ABS($I24-$I21),4)) | Y24: =IF(OR($I24="",$I22=""),"",ROUND(ABS($I24-$I22),4)) | Z24: =IF(OR($I24="",$I23=""),"",ROUND(ABS($I24-$I23),4)) | AB24: =IF(OR($I24="",$I25=""),"",ROUND(ABS($I24-$I25),4)) | AC24: =IF(OR($I24="",$I26=""),"",ROUND(ABS($I24-$I26),4)) | AD24: =IF(OR($I24="",$I27=""),"",ROUND(ABS($I24-$I27),4)) | AE24: =IF(OR($I24="",$I28=""),"",ROUND(ABS($I24-$I28),4)) | AF24: =IF(OR($I24="",$I29=""),"",ROUND(ABS($I24-$I29),4)) | AG24: =IF(OR($I24="",$I30=""),"",ROUND(ABS($I24-$I30),4)) | AI24: =IF(OR($I24="",$I15=""),"",ROUND((2*$I24-$I15)*1000,0)) | AJ24: =IF(OR($I24="",$I16=""),"",ROUND((2*$I24-$I16)*1000,0)) | AK24: =IF(OR($I24="",$I17=""),"",ROUND((2*$I24-$I17)*1000,0)) | AL24: =IF(OR($I24="",$I18=""),"",ROUND((2*$I24-$I18)*1000,0)) | AM24: =IF(OR($I24="",$I19=""),"",ROUND((2*$I24-$I19)*1000,0)) | AN24: =IF(OR($I24="",$I20=""),"",ROUND((2*$I24-$I20)*1000,0)) | AO24: =IF(OR($I24="",$I21=""),"",ROUND((2*$I24-$I21)*1000,0)) | AP24: =IF(OR($I24="",$I22=""),"",ROUND((2*$I24-$I22)*1000,0)) | AQ24: =IF(OR($I24="",$I23=""),"",ROUND((2*$I24-$I23)*1000,0)) | AS24: =IF(OR($I24="",$I25=""),"",ROUND((2*$I24-$I25)*1000,0)) | AT24: =IF(OR($I24="",$I26=""),"",ROUND((2*$I24-$I26)*1000,0)) | AU24: =IF(OR($I24="",$I27=""),"",ROUND((2*$I24-$I27)*1000,0)) | AV24: =IF(OR($I24="",$I28=""),"",ROUND((2*$I24-$I28)*1000,0)) | AW24: =IF(OR($I24="",$I29=""),"",ROUND((2*$I24-$I29)*1000,0)) | AX24: =IF(OR($I24="",$I30=""),"",ROUND((2*$I24-$I30)*1000,0))
B25: 11 | J25: =IF(I25="","",IF(AND(I25>=470,I25<698),INT((I25-470)/6)+14,"–")) | K25: =IF(OR(I25="",COUNT($R25:$AG25)=0),"",MIN($R25:$AG25)) | L25: =IF(K25="","",MATCH(K25,$R25:$AG25,0)) | M25: =IF(I25="","",COUNTIFS($AI$15:$AX$30,">"&ROUND((I25-$L$5)*1000,0),$AI$15:$AX$30,"<"&ROUND((I25+$L$5)*1000,0))-COUNTIFS($AI25:$AX25,">"&ROUND((I25-$L$5)*1000,0),$AI25:$AX25,"<"&ROUND((I25+$L$5)*1000,0))-COUNTIFS(AS$15:AS$30,">"&ROUND((I25-$L$5)*1000,0),AS$15:AS$30,"<"&ROUND((I25+$L$5)*1000,0))) | N25: =IF(I25="",IF(AND(C25<>"",F25="2,4 GHz"),"Automática",""),IF(AND(K25<>"",K25<0.0005),"Repetida",IF(AND(K25<>"",$L$4<>"",K25<$L$4),"Próxima",IF(AND($L$6<>"",$L$7<>"",I25>=$L$6,I25<=$L$7),"Telefonia",IF(AND(I25>=470,I25<698,COUNTIF($E$9:$L$9,INT((I25-470)/6)+14)>0),"TV",IF(M25>0,"Intermod.","OK")))))) | O25: =IF(N25="","",IF(N25="Automática","Sem frequência fixa: o sistema escolhe o canal. Afaste o receptor do roteador Wi-Fi",IF(N25="Repetida","Mesma frequência do sistema nº "&L25&": troque o canal de um dos dois",IF(N25="Próxima","Perto demais do sistema nº "&L25&": afaste as duas frequências",IF(N25="Telefonia","Dentro da faixa a evitar: troque de frequência ou de equipamento",IF(N25="TV","Dentro do canal de TV "&J25&", ativo na cidade: use um canal de TV livre",IF(N25="Intermod.","Há "&M25&" produto(s) de intermodulação perto: troque esta frequência ou use o grupo do fabricante","Manter"))))))) | R25: =IF(OR($I25="",$I15=""),"",ROUND(ABS($I25-$I15),4)) | S25: =IF(OR($I25="",$I16=""),"",ROUND(ABS($I25-$I16),4)) | T25: =IF(OR($I25="",$I17=""),"",ROUND(ABS($I25-$I17),4)) | U25: =IF(OR($I25="",$I18=""),"",ROUND(ABS($I25-$I18),4)) | V25: =IF(OR($I25="",$I19=""),"",ROUND(ABS($I25-$I19),4)) | W25: =IF(OR($I25="",$I20=""),"",ROUND(ABS($I25-$I20),4)) | X25: =IF(OR($I25="",$I21=""),"",ROUND(ABS($I25-$I21),4)) | Y25: =IF(OR($I25="",$I22=""),"",ROUND(ABS($I25-$I22),4)) | Z25: =IF(OR($I25="",$I23=""),"",ROUND(ABS($I25-$I23),4)) | AA25: =IF(OR($I25="",$I24=""),"",ROUND(ABS($I25-$I24),4)) | AC25: =IF(OR($I25="",$I26=""),"",ROUND(ABS($I25-$I26),4)) | AD25: =IF(OR($I25="",$I27=""),"",ROUND(ABS($I25-$I27),4)) | AE25: =IF(OR($I25="",$I28=""),"",ROUND(ABS($I25-$I28),4)) | AF25: =IF(OR($I25="",$I29=""),"",ROUND(ABS($I25-$I29),4)) | AG25: =IF(OR($I25="",$I30=""),"",ROUND(ABS($I25-$I30),4)) | AI25: =IF(OR($I25="",$I15=""),"",ROUND((2*$I25-$I15)*1000,0)) | AJ25: =IF(OR($I25="",$I16=""),"",ROUND((2*$I25-$I16)*1000,0)) | AK25: =IF(OR($I25="",$I17=""),"",ROUND((2*$I25-$I17)*1000,0)) | AL25: =IF(OR($I25="",$I18=""),"",ROUND((2*$I25-$I18)*1000,0)) | AM25: =IF(OR($I25="",$I19=""),"",ROUND((2*$I25-$I19)*1000,0)) | AN25: =IF(OR($I25="",$I20=""),"",ROUND((2*$I25-$I20)*1000,0)) | AO25: =IF(OR($I25="",$I21=""),"",ROUND((2*$I25-$I21)*1000,0)) | AP25: =IF(OR($I25="",$I22=""),"",ROUND((2*$I25-$I22)*1000,0)) | AQ25: =IF(OR($I25="",$I23=""),"",ROUND((2*$I25-$I23)*1000,0)) | AR25: =IF(OR($I25="",$I24=""),"",ROUND((2*$I25-$I24)*1000,0)) | AT25: =IF(OR($I25="",$I26=""),"",ROUND((2*$I25-$I26)*1000,0)) | AU25: =IF(OR($I25="",$I27=""),"",ROUND((2*$I25-$I27)*1000,0)) | AV25: =IF(OR($I25="",$I28=""),"",ROUND((2*$I25-$I28)*1000,0)) | AW25: =IF(OR($I25="",$I29=""),"",ROUND((2*$I25-$I29)*1000,0)) | AX25: =IF(OR($I25="",$I30=""),"",ROUND((2*$I25-$I30)*1000,0))
B26: 12 | J26: =IF(I26="","",IF(AND(I26>=470,I26<698),INT((I26-470)/6)+14,"–")) | K26: =IF(OR(I26="",COUNT($R26:$AG26)=0),"",MIN($R26:$AG26)) | L26: =IF(K26="","",MATCH(K26,$R26:$AG26,0)) | M26: =IF(I26="","",COUNTIFS($AI$15:$AX$30,">"&ROUND((I26-$L$5)*1000,0),$AI$15:$AX$30,"<"&ROUND((I26+$L$5)*1000,0))-COUNTIFS($AI26:$AX26,">"&ROUND((I26-$L$5)*1000,0),$AI26:$AX26,"<"&ROUND((I26+$L$5)*1000,0))-COUNTIFS(AT$15:AT$30,">"&ROUND((I26-$L$5)*1000,0),AT$15:AT$30,"<"&ROUND((I26+$L$5)*1000,0))) | N26: =IF(I26="",IF(AND(C26<>"",F26="2,4 GHz"),"Automática",""),IF(AND(K26<>"",K26<0.0005),"Repetida",IF(AND(K26<>"",$L$4<>"",K26<$L$4),"Próxima",IF(AND($L$6<>"",$L$7<>"",I26>=$L$6,I26<=$L$7),"Telefonia",IF(AND(I26>=470,I26<698,COUNTIF($E$9:$L$9,INT((I26-470)/6)+14)>0),"TV",IF(M26>0,"Intermod.","OK")))))) | O26: =IF(N26="","",IF(N26="Automática","Sem frequência fixa: o sistema escolhe o canal. Afaste o receptor do roteador Wi-Fi",IF(N26="Repetida","Mesma frequência do sistema nº "&L26&": troque o canal de um dos dois",IF(N26="Próxima","Perto demais do sistema nº "&L26&": afaste as duas frequências",IF(N26="Telefonia","Dentro da faixa a evitar: troque de frequência ou de equipamento",IF(N26="TV","Dentro do canal de TV "&J26&", ativo na cidade: use um canal de TV livre",IF(N26="Intermod.","Há "&M26&" produto(s) de intermodulação perto: troque esta frequência ou use o grupo do fabricante","Manter"))))))) | R26: =IF(OR($I26="",$I15=""),"",ROUND(ABS($I26-$I15),4)) | S26: =IF(OR($I26="",$I16=""),"",ROUND(ABS($I26-$I16),4)) | T26: =IF(OR($I26="",$I17=""),"",ROUND(ABS($I26-$I17),4)) | U26: =IF(OR($I26="",$I18=""),"",ROUND(ABS($I26-$I18),4)) | V26: =IF(OR($I26="",$I19=""),"",ROUND(ABS($I26-$I19),4)) | W26: =IF(OR($I26="",$I20=""),"",ROUND(ABS($I26-$I20),4)) | X26: =IF(OR($I26="",$I21=""),"",ROUND(ABS($I26-$I21),4)) | Y26: =IF(OR($I26="",$I22=""),"",ROUND(ABS($I26-$I22),4)) | Z26: =IF(OR($I26="",$I23=""),"",ROUND(ABS($I26-$I23),4)) | AA26: =IF(OR($I26="",$I24=""),"",ROUND(ABS($I26-$I24),4)) | AB26: =IF(OR($I26="",$I25=""),"",ROUND(ABS($I26-$I25),4)) | AD26: =IF(OR($I26="",$I27=""),"",ROUND(ABS($I26-$I27),4)) | AE26: =IF(OR($I26="",$I28=""),"",ROUND(ABS($I26-$I28),4)) | AF26: =IF(OR($I26="",$I29=""),"",ROUND(ABS($I26-$I29),4)) | AG26: =IF(OR($I26="",$I30=""),"",ROUND(ABS($I26-$I30),4)) | AI26: =IF(OR($I26="",$I15=""),"",ROUND((2*$I26-$I15)*1000,0)) | AJ26: =IF(OR($I26="",$I16=""),"",ROUND((2*$I26-$I16)*1000,0)) | AK26: =IF(OR($I26="",$I17=""),"",ROUND((2*$I26-$I17)*1000,0)) | AL26: =IF(OR($I26="",$I18=""),"",ROUND((2*$I26-$I18)*1000,0)) | AM26: =IF(OR($I26="",$I19=""),"",ROUND((2*$I26-$I19)*1000,0)) | AN26: =IF(OR($I26="",$I20=""),"",ROUND((2*$I26-$I20)*1000,0)) | AO26: =IF(OR($I26="",$I21=""),"",ROUND((2*$I26-$I21)*1000,0)) | AP26: =IF(OR($I26="",$I22=""),"",ROUND((2*$I26-$I22)*1000,0)) | AQ26: =IF(OR($I26="",$I23=""),"",ROUND((2*$I26-$I23)*1000,0)) | AR26: =IF(OR($I26="",$I24=""),"",ROUND((2*$I26-$I24)*1000,0)) | AS26: =IF(OR($I26="",$I25=""),"",ROUND((2*$I26-$I25)*1000,0)) | AU26: =IF(OR($I26="",$I27=""),"",ROUND((2*$I26-$I27)*1000,0)) | AV26: =IF(OR($I26="",$I28=""),"",ROUND((2*$I26-$I28)*1000,0)) | AW26: =IF(OR($I26="",$I29=""),"",ROUND((2*$I26-$I29)*1000,0)) | AX26: =IF(OR($I26="",$I30=""),"",ROUND((2*$I26-$I30)*1000,0))
B27: 13 | J27: =IF(I27="","",IF(AND(I27>=470,I27<698),INT((I27-470)/6)+14,"–")) | K27: =IF(OR(I27="",COUNT($R27:$AG27)=0),"",MIN($R27:$AG27)) | L27: =IF(K27="","",MATCH(K27,$R27:$AG27,0)) | M27: =IF(I27="","",COUNTIFS($AI$15:$AX$30,">"&ROUND((I27-$L$5)*1000,0),$AI$15:$AX$30,"<"&ROUND((I27+$L$5)*1000,0))-COUNTIFS($AI27:$AX27,">"&ROUND((I27-$L$5)*1000,0),$AI27:$AX27,"<"&ROUND((I27+$L$5)*1000,0))-COUNTIFS(AU$15:AU$30,">"&ROUND((I27-$L$5)*1000,0),AU$15:AU$30,"<"&ROUND((I27+$L$5)*1000,0))) | N27: =IF(I27="",IF(AND(C27<>"",F27="2,4 GHz"),"Automática",""),IF(AND(K27<>"",K27<0.0005),"Repetida",IF(AND(K27<>"",$L$4<>"",K27<$L$4),"Próxima",IF(AND($L$6<>"",$L$7<>"",I27>=$L$6,I27<=$L$7),"Telefonia",IF(AND(I27>=470,I27<698,COUNTIF($E$9:$L$9,INT((I27-470)/6)+14)>0),"TV",IF(M27>0,"Intermod.","OK")))))) | O27: =IF(N27="","",IF(N27="Automática","Sem frequência fixa: o sistema escolhe o canal. Afaste o receptor do roteador Wi-Fi",IF(N27="Repetida","Mesma frequência do sistema nº "&L27&": troque o canal de um dos dois",IF(N27="Próxima","Perto demais do sistema nº "&L27&": afaste as duas frequências",IF(N27="Telefonia","Dentro da faixa a evitar: troque de frequência ou de equipamento",IF(N27="TV","Dentro do canal de TV "&J27&", ativo na cidade: use um canal de TV livre",IF(N27="Intermod.","Há "&M27&" produto(s) de intermodulação perto: troque esta frequência ou use o grupo do fabricante","Manter"))))))) | R27: =IF(OR($I27="",$I15=""),"",ROUND(ABS($I27-$I15),4)) | S27: =IF(OR($I27="",$I16=""),"",ROUND(ABS($I27-$I16),4)) | T27: =IF(OR($I27="",$I17=""),"",ROUND(ABS($I27-$I17),4)) | U27: =IF(OR($I27="",$I18=""),"",ROUND(ABS($I27-$I18),4)) | V27: =IF(OR($I27="",$I19=""),"",ROUND(ABS($I27-$I19),4)) | W27: =IF(OR($I27="",$I20=""),"",ROUND(ABS($I27-$I20),4)) | X27: =IF(OR($I27="",$I21=""),"",ROUND(ABS($I27-$I21),4)) | Y27: =IF(OR($I27="",$I22=""),"",ROUND(ABS($I27-$I22),4)) | Z27: =IF(OR($I27="",$I23=""),"",ROUND(ABS($I27-$I23),4)) | AA27: =IF(OR($I27="",$I24=""),"",ROUND(ABS($I27-$I24),4)) | AB27: =IF(OR($I27="",$I25=""),"",ROUND(ABS($I27-$I25),4)) | AC27: =IF(OR($I27="",$I26=""),"",ROUND(ABS($I27-$I26),4)) | AE27: =IF(OR($I27="",$I28=""),"",ROUND(ABS($I27-$I28),4)) | AF27: =IF(OR($I27="",$I29=""),"",ROUND(ABS($I27-$I29),4)) | AG27: =IF(OR($I27="",$I30=""),"",ROUND(ABS($I27-$I30),4)) | AI27: =IF(OR($I27="",$I15=""),"",ROUND((2*$I27-$I15)*1000,0)) | AJ27: =IF(OR($I27="",$I16=""),"",ROUND((2*$I27-$I16)*1000,0)) | AK27: =IF(OR($I27="",$I17=""),"",ROUND((2*$I27-$I17)*1000,0)) | AL27: =IF(OR($I27="",$I18=""),"",ROUND((2*$I27-$I18)*1000,0)) | AM27: =IF(OR($I27="",$I19=""),"",ROUND((2*$I27-$I19)*1000,0)) | AN27: =IF(OR($I27="",$I20=""),"",ROUND((2*$I27-$I20)*1000,0)) | AO27: =IF(OR($I27="",$I21=""),"",ROUND((2*$I27-$I21)*1000,0)) | AP27: =IF(OR($I27="",$I22=""),"",ROUND((2*$I27-$I22)*1000,0)) | AQ27: =IF(OR($I27="",$I23=""),"",ROUND((2*$I27-$I23)*1000,0)) | AR27: =IF(OR($I27="",$I24=""),"",ROUND((2*$I27-$I24)*1000,0)) | AS27: =IF(OR($I27="",$I25=""),"",ROUND((2*$I27-$I25)*1000,0)) | AT27: =IF(OR($I27="",$I26=""),"",ROUND((2*$I27-$I26)*1000,0)) | AV27: =IF(OR($I27="",$I28=""),"",ROUND((2*$I27-$I28)*1000,0)) | AW27: =IF(OR($I27="",$I29=""),"",ROUND((2*$I27-$I29)*1000,0)) | AX27: =IF(OR($I27="",$I30=""),"",ROUND((2*$I27-$I30)*1000,0))
B28: 14 | J28: =IF(I28="","",IF(AND(I28>=470,I28<698),INT((I28-470)/6)+14,"–")) | K28: =IF(OR(I28="",COUNT($R28:$AG28)=0),"",MIN($R28:$AG28)) | L28: =IF(K28="","",MATCH(K28,$R28:$AG28,0)) | M28: =IF(I28="","",COUNTIFS($AI$15:$AX$30,">"&ROUND((I28-$L$5)*1000,0),$AI$15:$AX$30,"<"&ROUND((I28+$L$5)*1000,0))-COUNTIFS($AI28:$AX28,">"&ROUND((I28-$L$5)*1000,0),$AI28:$AX28,"<"&ROUND((I28+$L$5)*1000,0))-COUNTIFS(AV$15:AV$30,">"&ROUND((I28-$L$5)*1000,0),AV$15:AV$30,"<"&ROUND((I28+$L$5)*1000,0))) | N28: =IF(I28="",IF(AND(C28<>"",F28="2,4 GHz"),"Automática",""),IF(AND(K28<>"",K28<0.0005),"Repetida",IF(AND(K28<>"",$L$4<>"",K28<$L$4),"Próxima",IF(AND($L$6<>"",$L$7<>"",I28>=$L$6,I28<=$L$7),"Telefonia",IF(AND(I28>=470,I28<698,COUNTIF($E$9:$L$9,INT((I28-470)/6)+14)>0),"TV",IF(M28>0,"Intermod.","OK")))))) | O28: =IF(N28="","",IF(N28="Automática","Sem frequência fixa: o sistema escolhe o canal. Afaste o receptor do roteador Wi-Fi",IF(N28="Repetida","Mesma frequência do sistema nº "&L28&": troque o canal de um dos dois",IF(N28="Próxima","Perto demais do sistema nº "&L28&": afaste as duas frequências",IF(N28="Telefonia","Dentro da faixa a evitar: troque de frequência ou de equipamento",IF(N28="TV","Dentro do canal de TV "&J28&", ativo na cidade: use um canal de TV livre",IF(N28="Intermod.","Há "&M28&" produto(s) de intermodulação perto: troque esta frequência ou use o grupo do fabricante","Manter"))))))) | R28: =IF(OR($I28="",$I15=""),"",ROUND(ABS($I28-$I15),4)) | S28: =IF(OR($I28="",$I16=""),"",ROUND(ABS($I28-$I16),4)) | T28: =IF(OR($I28="",$I17=""),"",ROUND(ABS($I28-$I17),4)) | U28: =IF(OR($I28="",$I18=""),"",ROUND(ABS($I28-$I18),4)) | V28: =IF(OR($I28="",$I19=""),"",ROUND(ABS($I28-$I19),4)) | W28: =IF(OR($I28="",$I20=""),"",ROUND(ABS($I28-$I20),4)) | X28: =IF(OR($I28="",$I21=""),"",ROUND(ABS($I28-$I21),4)) | Y28: =IF(OR($I28="",$I22=""),"",ROUND(ABS($I28-$I22),4)) | Z28: =IF(OR($I28="",$I23=""),"",ROUND(ABS($I28-$I23),4)) | AA28: =IF(OR($I28="",$I24=""),"",ROUND(ABS($I28-$I24),4)) | AB28: =IF(OR($I28="",$I25=""),"",ROUND(ABS($I28-$I25),4)) | AC28: =IF(OR($I28="",$I26=""),"",ROUND(ABS($I28-$I26),4)) | AD28: =IF(OR($I28="",$I27=""),"",ROUND(ABS($I28-$I27),4)) | AF28: =IF(OR($I28="",$I29=""),"",ROUND(ABS($I28-$I29),4)) | AG28: =IF(OR($I28="",$I30=""),"",ROUND(ABS($I28-$I30),4)) | AI28: =IF(OR($I28="",$I15=""),"",ROUND((2*$I28-$I15)*1000,0)) | AJ28: =IF(OR($I28="",$I16=""),"",ROUND((2*$I28-$I16)*1000,0)) | AK28: =IF(OR($I28="",$I17=""),"",ROUND((2*$I28-$I17)*1000,0)) | AL28: =IF(OR($I28="",$I18=""),"",ROUND((2*$I28-$I18)*1000,0)) | AM28: =IF(OR($I28="",$I19=""),"",ROUND((2*$I28-$I19)*1000,0)) | AN28: =IF(OR($I28="",$I20=""),"",ROUND((2*$I28-$I20)*1000,0)) | AO28: =IF(OR($I28="",$I21=""),"",ROUND((2*$I28-$I21)*1000,0)) | AP28: =IF(OR($I28="",$I22=""),"",ROUND((2*$I28-$I22)*1000,0)) | AQ28: =IF(OR($I28="",$I23=""),"",ROUND((2*$I28-$I23)*1000,0)) | AR28: =IF(OR($I28="",$I24=""),"",ROUND((2*$I28-$I24)*1000,0)) | AS28: =IF(OR($I28="",$I25=""),"",ROUND((2*$I28-$I25)*1000,0)) | AT28: =IF(OR($I28="",$I26=""),"",ROUND((2*$I28-$I26)*1000,0)) | AU28: =IF(OR($I28="",$I27=""),"",ROUND((2*$I28-$I27)*1000,0)) | AW28: =IF(OR($I28="",$I29=""),"",ROUND((2*$I28-$I29)*1000,0)) | AX28: =IF(OR($I28="",$I30=""),"",ROUND((2*$I28-$I30)*1000,0))
B29: 15 | J29: =IF(I29="","",IF(AND(I29>=470,I29<698),INT((I29-470)/6)+14,"–")) | K29: =IF(OR(I29="",COUNT($R29:$AG29)=0),"",MIN($R29:$AG29)) | L29: =IF(K29="","",MATCH(K29,$R29:$AG29,0)) | M29: =IF(I29="","",COUNTIFS($AI$15:$AX$30,">"&ROUND((I29-$L$5)*1000,0),$AI$15:$AX$30,"<"&ROUND((I29+$L$5)*1000,0))-COUNTIFS($AI29:$AX29,">"&ROUND((I29-$L$5)*1000,0),$AI29:$AX29,"<"&ROUND((I29+$L$5)*1000,0))-COUNTIFS(AW$15:AW$30,">"&ROUND((I29-$L$5)*1000,0),AW$15:AW$30,"<"&ROUND((I29+$L$5)*1000,0))) | N29: =IF(I29="",IF(AND(C29<>"",F29="2,4 GHz"),"Automática",""),IF(AND(K29<>"",K29<0.0005),"Repetida",IF(AND(K29<>"",$L$4<>"",K29<$L$4),"Próxima",IF(AND($L$6<>"",$L$7<>"",I29>=$L$6,I29<=$L$7),"Telefonia",IF(AND(I29>=470,I29<698,COUNTIF($E$9:$L$9,INT((I29-470)/6)+14)>0),"TV",IF(M29>0,"Intermod.","OK")))))) | O29: =IF(N29="","",IF(N29="Automática","Sem frequência fixa: o sistema escolhe o canal. Afaste o receptor do roteador Wi-Fi",IF(N29="Repetida","Mesma frequência do sistema nº "&L29&": troque o canal de um dos dois",IF(N29="Próxima","Perto demais do sistema nº "&L29&": afaste as duas frequências",IF(N29="Telefonia","Dentro da faixa a evitar: troque de frequência ou de equipamento",IF(N29="TV","Dentro do canal de TV "&J29&", ativo na cidade: use um canal de TV livre",IF(N29="Intermod.","Há "&M29&" produto(s) de intermodulação perto: troque esta frequência ou use o grupo do fabricante","Manter"))))))) | R29: =IF(OR($I29="",$I15=""),"",ROUND(ABS($I29-$I15),4)) | S29: =IF(OR($I29="",$I16=""),"",ROUND(ABS($I29-$I16),4)) | T29: =IF(OR($I29="",$I17=""),"",ROUND(ABS($I29-$I17),4)) | U29: =IF(OR($I29="",$I18=""),"",ROUND(ABS($I29-$I18),4)) | V29: =IF(OR($I29="",$I19=""),"",ROUND(ABS($I29-$I19),4)) | W29: =IF(OR($I29="",$I20=""),"",ROUND(ABS($I29-$I20),4)) | X29: =IF(OR($I29="",$I21=""),"",ROUND(ABS($I29-$I21),4)) | Y29: =IF(OR($I29="",$I22=""),"",ROUND(ABS($I29-$I22),4)) | Z29: =IF(OR($I29="",$I23=""),"",ROUND(ABS($I29-$I23),4)) | AA29: =IF(OR($I29="",$I24=""),"",ROUND(ABS($I29-$I24),4)) | AB29: =IF(OR($I29="",$I25=""),"",ROUND(ABS($I29-$I25),4)) | AC29: =IF(OR($I29="",$I26=""),"",ROUND(ABS($I29-$I26),4)) | AD29: =IF(OR($I29="",$I27=""),"",ROUND(ABS($I29-$I27),4)) | AE29: =IF(OR($I29="",$I28=""),"",ROUND(ABS($I29-$I28),4)) | AG29: =IF(OR($I29="",$I30=""),"",ROUND(ABS($I29-$I30),4)) | AI29: =IF(OR($I29="",$I15=""),"",ROUND((2*$I29-$I15)*1000,0)) | AJ29: =IF(OR($I29="",$I16=""),"",ROUND((2*$I29-$I16)*1000,0)) | AK29: =IF(OR($I29="",$I17=""),"",ROUND((2*$I29-$I17)*1000,0)) | AL29: =IF(OR($I29="",$I18=""),"",ROUND((2*$I29-$I18)*1000,0)) | AM29: =IF(OR($I29="",$I19=""),"",ROUND((2*$I29-$I19)*1000,0)) | AN29: =IF(OR($I29="",$I20=""),"",ROUND((2*$I29-$I20)*1000,0)) | AO29: =IF(OR($I29="",$I21=""),"",ROUND((2*$I29-$I21)*1000,0)) | AP29: =IF(OR($I29="",$I22=""),"",ROUND((2*$I29-$I22)*1000,0)) | AQ29: =IF(OR($I29="",$I23=""),"",ROUND((2*$I29-$I23)*1000,0)) | AR29: =IF(OR($I29="",$I24=""),"",ROUND((2*$I29-$I24)*1000,0)) | AS29: =IF(OR($I29="",$I25=""),"",ROUND((2*$I29-$I25)*1000,0)) | AT29: =IF(OR($I29="",$I26=""),"",ROUND((2*$I29-$I26)*1000,0)) | AU29: =IF(OR($I29="",$I27=""),"",ROUND((2*$I29-$I27)*1000,0)) | AV29: =IF(OR($I29="",$I28=""),"",ROUND((2*$I29-$I28)*1000,0)) | AX29: =IF(OR($I29="",$I30=""),"",ROUND((2*$I29-$I30)*1000,0))
B30: 16 | J30: =IF(I30="","",IF(AND(I30>=470,I30<698),INT((I30-470)/6)+14,"–")) | K30: =IF(OR(I30="",COUNT($R30:$AG30)=0),"",MIN($R30:$AG30)) | L30: =IF(K30="","",MATCH(K30,$R30:$AG30,0)) | M30: =IF(I30="","",COUNTIFS($AI$15:$AX$30,">"&ROUND((I30-$L$5)*1000,0),$AI$15:$AX$30,"<"&ROUND((I30+$L$5)*1000,0))-COUNTIFS($AI30:$AX30,">"&ROUND((I30-$L$5)*1000,0),$AI30:$AX30,"<"&ROUND((I30+$L$5)*1000,0))-COUNTIFS(AX$15:AX$30,">"&ROUND((I30-$L$5)*1000,0),AX$15:AX$30,"<"&ROUND((I30+$L$5)*1000,0))) | N30: =IF(I30="",IF(AND(C30<>"",F30="2,4 GHz"),"Automática",""),IF(AND(K30<>"",K30<0.0005),"Repetida",IF(AND(K30<>"",$L$4<>"",K30<$L$4),"Próxima",IF(AND($L$6<>"",$L$7<>"",I30>=$L$6,I30<=$L$7),"Telefonia",IF(AND(I30>=470,I30<698,COUNTIF($E$9:$L$9,INT((I30-470)/6)+14)>0),"TV",IF(M30>0,"Intermod.","OK")))))) | O30: =IF(N30="","",IF(N30="Automática","Sem frequência fixa: o sistema escolhe o canal. Afaste o receptor do roteador Wi-Fi",IF(N30="Repetida","Mesma frequência do sistema nº "&L30&": troque o canal de um dos dois",IF(N30="Próxima","Perto demais do sistema nº "&L30&": afaste as duas frequências",IF(N30="Telefonia","Dentro da faixa a evitar: troque de frequência ou de equipamento",IF(N30="TV","Dentro do canal de TV "&J30&", ativo na cidade: use um canal de TV livre",IF(N30="Intermod.","Há "&M30&" produto(s) de intermodulação perto: troque esta frequência ou use o grupo do fabricante","Manter"))))))) | R30: =IF(OR($I30="",$I15=""),"",ROUND(ABS($I30-$I15),4)) | S30: =IF(OR($I30="",$I16=""),"",ROUND(ABS($I30-$I16),4)) | T30: =IF(OR($I30="",$I17=""),"",ROUND(ABS($I30-$I17),4)) | U30: =IF(OR($I30="",$I18=""),"",ROUND(ABS($I30-$I18),4)) | V30: =IF(OR($I30="",$I19=""),"",ROUND(ABS($I30-$I19),4)) | W30: =IF(OR($I30="",$I20=""),"",ROUND(ABS($I30-$I20),4)) | X30: =IF(OR($I30="",$I21=""),"",ROUND(ABS($I30-$I21),4)) | Y30: =IF(OR($I30="",$I22=""),"",ROUND(ABS($I30-$I22),4)) | Z30: =IF(OR($I30="",$I23=""),"",ROUND(ABS($I30-$I23),4)) | AA30: =IF(OR($I30="",$I24=""),"",ROUND(ABS($I30-$I24),4)) | AB30: =IF(OR($I30="",$I25=""),"",ROUND(ABS($I30-$I25),4)) | AC30: =IF(OR($I30="",$I26=""),"",ROUND(ABS($I30-$I26),4)) | AD30: =IF(OR($I30="",$I27=""),"",ROUND(ABS($I30-$I27),4)) | AE30: =IF(OR($I30="",$I28=""),"",ROUND(ABS($I30-$I28),4)) | AF30: =IF(OR($I30="",$I29=""),"",ROUND(ABS($I30-$I29),4)) | AI30: =IF(OR($I30="",$I15=""),"",ROUND((2*$I30-$I15)*1000,0)) | AJ30: =IF(OR($I30="",$I16=""),"",ROUND((2*$I30-$I16)*1000,0)) | AK30: =IF(OR($I30="",$I17=""),"",ROUND((2*$I30-$I17)*1000,0)) | AL30: =IF(OR($I30="",$I18=""),"",ROUND((2*$I30-$I18)*1000,0)) | AM30: =IF(OR($I30="",$I19=""),"",ROUND((2*$I30-$I19)*1000,0)) | AN30: =IF(OR($I30="",$I20=""),"",ROUND((2*$I30-$I20)*1000,0)) | AO30: =IF(OR($I30="",$I21=""),"",ROUND((2*$I30-$I21)*1000,0)) | AP30: =IF(OR($I30="",$I22=""),"",ROUND((2*$I30-$I22)*1000,0)) | AQ30: =IF(OR($I30="",$I23=""),"",ROUND((2*$I30-$I23)*1000,0)) | AR30: =IF(OR($I30="",$I24=""),"",ROUND((2*$I30-$I24)*1000,0)) | AS30: =IF(OR($I30="",$I25=""),"",ROUND((2*$I30-$I25)*1000,0)) | AT30: =IF(OR($I30="",$I26=""),"",ROUND((2*$I30-$I26)*1000,0)) | AU30: =IF(OR($I30="",$I27=""),"",ROUND((2*$I30-$I27)*1000,0)) | AV30: =IF(OR($I30="",$I28=""),"",ROUND((2*$I30-$I28)*1000,0)) | AW30: =IF(OR($I30="",$I29=""),"",ROUND((2*$I30-$I29)*1000,0))
B32: Resumo automático
B33: Sistemas listados | I33: =COUNTA(C15:C30) -> 6
B34: Com frequência informada | I34: =COUNT(I15:I30) -> 6
B35: Sem alerta (OK) | I35: =COUNTIF(N15:N30,"OK") -> 0
B36: Repetidas ou próximas demais | I36: =COUNTIF(N15:N30,"Repetida")+COUNTIF(N15:N30,"Próxima") -> 2
B37: Em canal de TV ativo ou na faixa a evitar | I37: =COUNTIF(N15:N30,"TV")+COUNTIF(N15:N30,"Telefonia") -> 1
B38: Com risco de intermodulação | I38: =COUNTIF(N15:N30,"Intermod.") -> 3
B39: Em 2,4 GHz, com frequência automática | I39: =COUNTIF(N15:N30,"Automática") -> 0
B40: Aviso | I40: =IF(I33+I34=0,"Liste os sistemas e as frequências",IF(I36>0,"Há frequências repetidas ou próximas demais: corrija antes de ligar os transmissores",IF(I37>0,"Há frequência em canal de TV ativo ou na faixa a evitar: troque",IF(I38>0,"Há risco de intermodulação: troque as frequências marcadas ou use o grupo do fabricante","OK")))) -> Há frequências repetidas ou próximas demais: corrija antes de ligar os transmissores
B41: A conferência cobre só os produtos de terceira ordem de dois transmissores (2 × A − B). Ela não substitui os grupos do fabricante, o programa de coordenação nem o teste com todos os transmissores ligados.
B43: O que foi ajustado
B44: Sistema | D44: Antes (MHz) | G44: Depois (MHz) | J44: Motivo
B45: 1. Pastor | D45: 530,000 | G45: 534,850 | J45: Era atingido pelo produto dos sistemas 2 e 3 (2 × 530,500 − 531,000 = 530,000).
B46: 2. Cantora | D46: 530,500 | G46: 535,575 | J46: Era atingido pelo produto dos sistemas 3 e 4.
B47: 3. Voz de apoio 1 | D47: 531,000 | G47: 536,000 | J47: Era atingido pelo produto dos sistemas 2 e 1.
B48: 4. Voz de apoio 2 | D48: 531,500 | G48: 536,575 | J48: Estava a 0,150 MHz do sistema 6.
B49: 5. Dirigente do louvor | D49: 520,300 | G49: 537,475 | J49: Estava dentro do canal de TV 22, ativo na cidade.
B50: 6. Reserva e avisos | D50: 531,650 | G50: 537,950 | J50: Estava a 0,150 MHz do sistema 4.
B51: Resultado | D51: 3 com intermodulação, 2 próximas, 1 em TV | G51: 6 sistemas OK | J51: Novo plano nos canais de TV 24 e 25, livres, com espaçamento desigual. Conferido com todos ligados.
